Date;Country;Sales_208;Market;SegmentMix
2007-01-01;DE;1908;229458;16.2122
2007-02-01;DE;1897;228112;16.2122
2007-03-01;DE;2815;338540;16.2122
2007-04-01;DE;2152;258861;16.2122
2007-05-01;DE;2447;294356;16.2122
2007-06-01;DE;2554;307115;16.2122
2007-07-01;DE;2176;261660;16.2122
2007-08-01;DE;1925;231551;16.2122
2007-09-01;DE;2143;257777;16.2122
2007-10-01;DE;2125;255513;16.2122
2007-11-01;DE;2235;268788;16.2122
2007-12-01;DE;1800;216433;16.2122
2008-01-01;DE;1601;225222;14.418
2008-02-01;DE;1592;223900;14.418
2008-03-01;DE;2362;332289;14.418
2008-04-01;DE;1806;254082;14.418
2008-05-01;DE;2054;288921;14.418
2008-06-01;DE;2143;301445;14.418
2008-07-01;DE;1826;256829;14.418
2008-08-01;DE;1616;227276;14.418
2008-09-01;DE;1799;253018;14.418
2008-10-01;DE;1783;250795;14.418
2008-11-01;DE;1875;263825;14.418
2008-12-01;DE;1510;212437;14.418
2009-01-01;DE;2589;277491;21.159
2009-02-01;DE;2574;275863;21.159
2009-03-01;DE;3820;409407;21.159
2009-04-01;DE;2921;313049;21.159
2009-05-01;DE;3321;355974;21.159
2009-06-01;DE;3465;371404;21.159
2009-07-01;DE;2952;316433;21.159
2009-08-01;DE;2613;280022;21.159
2009-09-01;DE;2909;311739;21.159
2009-10-01;DE;2883;309000;21.159
2009-11-01;DE;3033;325054;21.159
2009-12-01;DE;2442;261739;21.159
2010-01-01;DE;848;212555;15.6086
2010-02-01;DE;843;211308;15.6086
2010-03-01;DE;1251;313602;15.6086
2010-04-01;DE;956;239792;15.6086
2010-05-01;DE;1088;272673;15.6086
2010-06-01;DE;1135;284492;15.6086
2010-07-01;DE;967;242385;15.6086
2010-08-01;DE;856;214494;15.6086
2010-09-01;DE;952;238789;15.6086
2010-10-01;DE;944;236691;15.6086
2010-11-01;DE;993;248988;15.6086
2010-12-01;DE;800;200490;15.6086
2011-01-01;DE;749;231315;13.868
2011-02-01;DE;744;229957;13.868
2011-03-01;DE;1105;341279;13.868
2011-04-01;DE;845;260955;13.868
2011-05-01;DE;961;296738;13.868
2011-06-01;DE;1002;309600;13.868
2011-07-01;DE;854;263777;13.868
2011-08-01;DE;756;233425;13.868
2011-09-01;DE;841;259863;13.868
2011-10-01;DE;834;257580;13.868
2011-11-01;DE;877;270963;13.868
2011-12-01;DE;706;218184;13.868
2012-01-01;DE;863;224672;12.7713
2012-02-01;DE;858;223354;12.7713
2012-03-01;DE;1274;331479;12.7713
2012-04-01;DE;974;253462;12.7713
2012-05-01;DE;1107;288217;12.7713
2012-06-01;DE;1155;300710;12.7713
2012-07-01;DE;984;256202;12.7713
2012-08-01;DE;871;226722;12.7713
2012-09-01;DE;970;252401;12.7713
2012-10-01;DE;961;250183;12.7713
2012-11-01;DE;1011;263182;12.7713
2012-12-01;DE;814;211919;12.7713
2013-01-01;DE;1185;215192;11.6496
2013-02-01;DE;1178;213929;11.6496
2013-03-01;DE;1748;317491;11.6496
2013-04-01;DE;1337;242767;11.6496
2013-05-01;DE;1520;276055;11.6496
2013-06-01;DE;1586;288020;11.6496
2013-07-01;DE;1351;245391;11.6496
2013-08-01;DE;1196;217155;11.6496
2013-09-01;DE;1331;241751;11.6496
2013-10-01;DE;1319;239626;11.6496
2013-11-01;DE;1388;252076;11.6496
2013-12-01;DE;1118;202977;11.6496
2014-01-01;DE;944;221338;11.4574
2014-02-01;DE;939;220039;11.4574
2014-03-01;DE;1393;326559;11.4574
2014-04-01;DE;1065;249700;11.4574
2014-05-01;DE;1211;283939;11.4574
2014-06-01;DE;1264;296247;11.4574
2014-07-01;DE;1077;252400;11.4574
2014-08-01;DE;953;223357;11.4574
2014-09-01;DE;1061;248655;11.4574
2014-10-01;DE;1051;246470;11.4574
2014-11-01;DE;1106;259276;11.4574
2014-12-01;DE;891;208774;11.4574
2015-01-01;DE;921;233671;10.448
2015-02-01;DE;915;232300;10.448
2015-03-01;DE;1358;344756;10.448
2015-04-01;DE;1039;263614;10.448
2015-05-01;DE;1181;299761;10.448
2015-06-01;DE;1232;312754;10.448
2015-07-01;DE;1050;266464;10.448
2015-08-01;DE;929;235803;10.448
2015-09-01;DE;1034;262511;10.448
2015-10-01;DE;1025;260204;10.448
2015-11-01;DE;1078;273723;10.448
2015-12-01;DE;868;220407;10.448
2016-01-01;DE;976;244278;10.2891
2016-02-01;DE;971;242845;10.2891
2016-03-01;DE;1441;360405;10.2891
2016-04-01;DE;1102;275581;10.2891
2016-05-01;DE;1253;313368;10.2891
2016-06-01;DE;1307;326951;10.2891
2016-07-01;DE;1113;278560;10.2891
2016-08-01;DE;985;246507;10.2891
2016-09-01;DE;1097;274427;10.2891
2016-10-01;DE;1087;272016;10.2891
2016-11-01;DE;1144;286149;10.2891
2016-12-01;DE;921;230412;10.2891
2017-01-01;DE;1503;250810;10.4077
2017-02-01;DE;1495;249339;10.4077
2017-03-01;DE;2218;370043;10.4077
2017-04-01;DE;1696;282949;10.4077
2017-05-01;DE;1929;321747;10.4077
2017-06-01;DE;2012;335694;10.4077
2017-07-01;DE;1714;286009;10.4077
2017-08-01;DE;1517;253098;10.4077
2017-09-01;DE;1689;281765;10.4077
2017-10-01;DE;1674;279289;10.4077
2017-11-01;DE;1761;293800;10.4077
2017-12-01;DE;1418;236573;10.4077
2018-01-01;DE;744;252561;10.1503
2018-02-01;DE;738;250471;10.1503
2018-03-01;DE;995;337928;10.1503
2018-04-01;DE;923;313325;10.1503
2018-05-01;DE;900;305688;10.1503
2018-06-01;DE;993;337033;10.1503
2018-07-01;DE;883;299741;10.1503
2018-08-01;DE;740;251398;10.1503
2018-09-01;DE;790;268239;10.1503
2018-10-01;DE;855;290251;10.1503
2018-11-01;DE;859;291823;10.1503
2018-12-01;DE;699;237195;10.1503
2019-01-01;DE;597;266047;9.3619
2019-02-01;DE;592;263660;9.3619
2019-03-01;DE;797;355136;9.3619
2019-04-01;DE;738;328763;9.3619
2019-05-01;DE;757;337150;9.3619
2019-06-01;DE;721;321282;9.3619
2019-07-01;DE;738;329019;9.3619
2019-08-01;DE;565;251826;9.3619
2019-09-01;DE;664;295715;9.3619
2019-10-01;DE;682;304055;9.3619
2019-11-01;DE;655;291831;9.3619
2019-12-01;DE;589;262656;9.3619
2020-01-01;DE;597;266047;9.3619
2020-02-01;DE;592;263660;9.3619
2020-03-01;DE;797;355136;9.3619
2020-04-01;DE;738;328763;9.3619
2020-05-01;DE;757;337150;9.3619
2020-06-01;DE;721;321282;9.3619
2020-07-01;DE;738;329019;9.3619
2020-08-01;DE;565;251826;9.3619
2020-09-01;DE;664;295715;9.3619
2020-10-01;DE;682;304055;9.3619
2020-11-01;DE;655;291831;9.3619
2020-12-01;DE;589;262656;9.3619
2021-01-01;DE;0;219680;9.0231
2021-02-01;DE;0;237596;9.0231
2021-03-01;DE;0;305423;9.0231
2021-04-01;DE;0;271708;9.0231
2021-05-01;DE;0;272450;9.0231
2021-06-01;DE;0;307538;9.0231
2021-07-01;DE;0;242636;9.0231
2021-08-01;DE;0;144478;9.0231
2021-09-01;DE;0;240475;9.0231
2021-10-01;DE;0;254066;9.0231
2021-11-01;DE;0;226832;9.0231
2021-12-01;DE;0;277119;9.0231
2022-01-01;DE;0;232422;9.8397
2022-02-01;DE;0;251377;9.8397
2022-03-01;DE;0;323138;9.8397
2022-04-01;DE;0;287467;9.8397
2022-05-01;DE;0;288252;9.8397
2022-06-01;DE;0;325375;9.8397
2022-07-01;DE;0;256709;9.8397
2022-08-01;DE;0;152857;9.8397
2022-09-01;DE;0;254422;9.8397
2022-10-01;DE;0;268802;9.8397
2022-11-01;DE;0;239988;9.8397
2022-12-01;DE;0;293192;9.8397
2023-01-01;DE;0;234399;9.655
2023-02-01;DE;0;253515;9.655
2023-03-01;DE;0;325887;9.655
2023-04-01;DE;0;289912;9.655
2023-05-01;DE;0;290704;9.655
2023-06-01;DE;0;328143;9.655
2023-07-01;DE;0;258892;9.655
2023-08-01;DE;0;154158;9.655
2023-09-01;DE;0;256586;9.655
2023-10-01;DE;0;271088;9.655
2023-11-01;DE;0;242030;9.655
2023-12-01;DE;0;295686;9.655
2024-01-01;DE;0;237474;9.8579
2024-02-01;DE;0;256841;9.8579
2024-03-01;DE;0;330162;9.8579
2024-04-01;DE;0;293716;9.8579
2024-05-01;DE;0;294518;9.8579
2024-06-01;DE;0;332449;9.8579
2024-07-01;DE;0;262289;9.8579
2024-08-01;DE;0;156180;9.8579
2024-09-01;DE;0;259953;9.8579
2024-10-01;DE;0;274645;9.8579
2024-11-01;DE;0;245206;9.8579
2024-12-01;DE;0;299566;9.8579
2025-01-01;DE;0;228687;10.1637
2025-02-01;DE;0;247338;10.1637
2025-03-01;DE;0;317946;10.1637
2025-04-01;DE;0;282848;10.1637
2025-05-01;DE;0;283620;10.1637
2025-06-01;DE;0;320147;10.1637
2025-07-01;DE;0;252584;10.1637
2025-08-01;DE;0;150401;10.1637
2025-09-01;DE;0;250334;10.1637
2025-10-01;DE;0;264483;10.1637
2025-11-01;DE;0;236132;10.1637
2025-12-01;DE;0;288481;10.1637
2026-01-01;DE;0;229200;10.4204
2026-02-01;DE;0;247892;10.4204
2026-03-01;DE;0;318658;10.4204
2026-04-01;DE;0;283482;10.4204
2026-05-01;DE;0;284256;10.4204
2026-06-01;DE;0;320865;10.4204
2026-07-01;DE;0;253150;10.4204
2026-08-01;DE;0;150738;10.4204
2026-09-01;DE;0;250895;10.4204
2026-10-01;DE;0;265076;10.4204
2026-11-01;DE;0;236662;10.4204
2026-12-01;DE;0;289128;10.4204
2027-01-01;DE;0;225392;9.8554
2027-02-01;DE;0;243774;9.8554
2027-03-01;DE;0;313364;9.8554
2027-04-01;DE;0;278772;9.8554
2027-05-01;DE;0;279533;9.8554
2027-06-01;DE;0;315534;9.8554
2027-07-01;DE;0;248944;9.8554
2027-08-01;DE;0;148234;9.8554
2027-09-01;DE;0;246727;9.8554
2027-10-01;DE;0;260672;9.8554
2027-11-01;DE;0;232730;9.8554
2027-12-01;DE;0;284324;9.8554
2007-01-01;ES;3558;117847;22.7234
2007-02-01;ES;4104;135913;22.7234
2007-03-01;ES;5337;176748;22.7234
2007-04-01;ES;3757;124430;22.7234
2007-05-01;ES;5000;165606;22.7234
2007-06-01;ES;5405;179023;22.7234
2007-07-01;ES;4466;147905;22.7234
2007-08-01;ES;2735;90594;22.7234
2007-09-01;ES;3149;104285;22.7234
2007-10-01;ES;3655;121060;22.7234
2007-11-01;ES;3828;126792;22.7234
2007-12-01;ES;3763;124631;22.7234
2008-01-01;ES;2729;84740;22.683
2008-02-01;ES;3147;97730;22.683
2008-03-01;ES;4093;127094;22.683
2008-04-01;ES;2881;89474;22.683
2008-05-01;ES;3835;119082;22.683
2008-06-01;ES;4145;128730;22.683
2008-07-01;ES;3425;106354;22.683
2008-08-01;ES;2098;65143;22.683
2008-09-01;ES;2415;74988;22.683
2008-10-01;ES;2803;87050;22.683
2008-11-01;ES;2936;91172;22.683
2008-12-01;ES;2886;89618;22.683
2009-01-01;ES;1970;69532;22.8942
2009-02-01;ES;2272;80191;22.8942
2009-03-01;ES;2954;104285;22.8942
2009-04-01;ES;2080;73416;22.8942
2009-05-01;ES;2768;97711;22.8942
2009-06-01;ES;2992;105627;22.8942
2009-07-01;ES;2472;87267;22.8942
2009-08-01;ES;1514;53452;22.8942
2009-09-01;ES;1743;61530;22.8942
2009-10-01;ES;2023;71427;22.8942
2009-11-01;ES;2119;74810;22.8942
2009-12-01;ES;2083;73535;22.8942
2010-01-01;ES;1900;71666;22.9214
2010-02-01;ES;2191;82652;22.9214
2010-03-01;ES;2849;107485;22.9214
2010-04-01;ES;2006;75670;22.9214
2010-05-01;ES;2670;100710;22.9214
2010-06-01;ES;2886;108869;22.9214
2010-07-01;ES;2384;89945;22.9214
2010-08-01;ES;1460;55093;22.9214
2010-09-01;ES;1681;63419;22.9214
2010-10-01;ES;1952;73620;22.9214
2010-11-01;ES;2044;77106;22.9214
2010-12-01;ES;2009;75792;22.9214
2011-01-01;ES;1367;58970;20.7894
2011-02-01;ES;1577;68010;20.7894
2011-03-01;ES;2050;88443;20.7894
2011-04-01;ES;1444;62264;20.7894
2011-05-01;ES;1921;82868;20.7894
2011-06-01;ES;2077;89582;20.7894
2011-07-01;ES;1716;74011;20.7894
2011-08-01;ES;1051;45333;20.7894
2011-09-01;ES;1210;52184;20.7894
2011-10-01;ES;1404;60577;20.7894
2011-11-01;ES;1471;63446;20.7894
2011-12-01;ES;1446;62364;20.7894
2012-01-01;ES;707;51054;21.2966
2012-02-01;ES;815;58881;21.2966
2012-03-01;ES;1060;76572;21.2966
2012-04-01;ES;746;53907;21.2966
2012-05-01;ES;993;71745;21.2966
2012-06-01;ES;1073;77557;21.2966
2012-07-01;ES;887;64077;21.2966
2012-08-01;ES;543;39248;21.2966
2012-09-01;ES;625;45179;21.2966
2012-10-01;ES;726;52446;21.2966
2012-11-01;ES;760;54930;21.2966
2012-12-01;ES;747;53993;21.2966
2013-01-01;ES;1174;52740;21.3428
2013-02-01;ES;1354;60825;21.3428
2013-03-01;ES;1761;79100;21.3428
2013-04-01;ES;1240;55687;21.3428
2013-05-01;ES;1650;74114;21.3428
2013-06-01;ES;1784;80118;21.3428
2013-07-01;ES;1474;66192;21.3428
2013-08-01;ES;903;40544;21.3428
2013-09-01;ES;1039;46671;21.3428
2013-10-01;ES;1206;54178;21.3428
2013-11-01;ES;1263;56743;21.3428
2013-12-01;ES;1242;55776;21.3428
2014-01-01;ES;1153;62418;20.4636
2014-02-01;ES;1330;71987;20.4636
2014-03-01;ES;1729;93616;20.4636
2014-04-01;ES;1217;65905;20.4636
2014-05-01;ES;1620;87714;20.4636
2014-06-01;ES;1751;94821;20.4636
2014-07-01;ES;1447;78339;20.4636
2014-08-01;ES;886;47984;20.4636
2014-09-01;ES;1020;55235;20.4636
2014-10-01;ES;1184;64120;20.4636
2014-11-01;ES;1240;67156;20.4636
2014-12-01;ES;1219;66012;20.4636
2015-01-01;ES;1475;75476;18.8022
2015-02-01;ES;1701;87046;18.8022
2015-03-01;ES;2212;113199;18.8022
2015-04-01;ES;1557;79692;18.8022
2015-05-01;ES;2072;106064;18.8022
2015-06-01;ES;2240;114656;18.8022
2015-07-01;ES;1851;94727;18.8022
2015-08-01;ES;1134;58022;18.8022
2015-09-01;ES;1305;66790;18.8022
2015-10-01;ES;1515;77533;18.8022
2015-11-01;ES;1587;81205;18.8022
2015-12-01;ES;1559;79821;18.8022
2016-01-01;ES;1576;83706;18.4072
2016-02-01;ES;1818;96538;18.4072
2016-03-01;ES;2364;125543;18.4072
2016-04-01;ES;1664;88382;18.4072
2016-05-01;ES;2215;117629;18.4072
2016-06-01;ES;2394;127159;18.4072
2016-07-01;ES;1978;105056;18.4072
2016-08-01;ES;1212;64349;18.4072
2016-09-01;ES;1395;74073;18.4072
2016-10-01;ES;1619;85988;18.4072
2016-11-01;ES;1696;90060;18.4072
2016-12-01;ES;1667;88525;18.4072
2017-01-01;ES;1528;90123;18.5265
2017-02-01;ES;1762;103938;18.5265
2017-03-01;ES;2292;135167;18.5265
2017-04-01;ES;1614;95157;18.5265
2017-05-01;ES;2147;126646;18.5265
2017-06-01;ES;2321;136906;18.5265
2017-07-01;ES;1918;113109;18.5265
2017-08-01;ES;1175;69281;18.5265
2017-09-01;ES;1352;79751;18.5265
2017-10-01;ES;1570;92579;18.5265
2017-11-01;ES;1644;96963;18.5265
2017-12-01;ES;1616;95311;18.5265
2018-01-01;ES;1567;99845;17.1514
2018-02-01;ES;1706;108728;17.1514
2018-03-01;ES;2022;128841;17.1514
2018-04-01;ES;1860;118487;17.1514
2018-05-01;ES;2099;133723;17.1514
2018-06-01;ES;2180;138883;17.1514
2018-07-01;ES;1971;125559;17.1514
2018-08-01;ES;1151;73361;17.1514
2018-09-01;ES;1269;80878;17.1514
2018-10-01;ES;1601;102018;17.1514
2018-11-01;ES;1620;103194;17.1514
2018-12-01;ES;1694;107920;17.1514
2019-01-01;ES;1606;95383;15.6797
2019-02-01;ES;1743;103548;15.6797
2019-03-01;ES;2060;122356;15.6797
2019-04-01;ES;1918;113903;15.6797
2019-05-01;ES;2157;128106;15.6797
2019-06-01;ES;2138;127001;15.6797
2019-07-01;ES;2117;125710;15.6797
2019-08-01;ES;1131;67155;15.6797
2019-09-01;ES;1371;81424;15.6797
2019-10-01;ES;1716;101905;15.6797
2019-11-01;ES;1587;94263;15.6797
2019-12-01;ES;1660;98566;15.6797
2020-01-01;ES;1606;95383;15.6797
2020-02-01;ES;1743;103548;15.6797
2020-03-01;ES;2060;122356;15.6797
2020-04-01;ES;1918;113903;15.6797
2020-05-01;ES;2157;128106;15.6797
2020-06-01;ES;2138;127001;15.6797
2020-07-01;ES;2117;125710;15.6797
2020-08-01;ES;1131;67155;15.6797
2020-09-01;ES;1371;81424;15.6797
2020-10-01;ES;1716;101905;15.6797
2020-11-01;ES;1587;94263;15.6797
2020-12-01;ES;1660;98566;15.6797
2021-01-01;ES;0;77443;14.2443
2021-02-01;ES;0;76749;14.2443
2021-03-01;ES;0;103376;14.2443
2021-04-01;ES;0;95699;14.2443
2021-05-01;ES;0;98141;14.2443
2021-06-01;ES;0;93522;14.2443
2021-07-01;ES;0;95774;14.2443
2021-08-01;ES;0;73304;14.2443
2021-09-01;ES;0;86080;14.2443
2021-10-01;ES;0;88507;14.2443
2021-11-01;ES;0;84949;14.2443
2021-12-01;ES;0;76456;14.2443
2022-01-01;ES;0;89171;12.0325
2022-02-01;ES;0;88370;12.0325
2022-03-01;ES;0;119030;12.0325
2022-04-01;ES;0;110191;12.0325
2022-05-01;ES;0;113002;12.0325
2022-06-01;ES;0;107684;12.0325
2022-07-01;ES;0;110277;12.0325
2022-08-01;ES;0;84404;12.0325
2022-09-01;ES;0;99115;12.0325
2022-10-01;ES;0;101910;12.0325
2022-11-01;ES;0;97813;12.0325
2022-12-01;ES;0;88034;12.0325
2023-01-01;ES;0;91014;11.337
2023-02-01;ES;0;90198;11.337
2023-03-01;ES;0;121492;11.337
2023-04-01;ES;0;112470;11.337
2023-05-01;ES;0;115339;11.337
2023-06-01;ES;0;109910;11.337
2023-07-01;ES;0;112557;11.337
2023-08-01;ES;0;86150;11.337
2023-09-01;ES;0;101164;11.337
2023-10-01;ES;0;104017;11.337
2023-11-01;ES;0;99835;11.337
2023-12-01;ES;0;89854;11.337
2024-01-01;ES;0;93153;11.7594
2024-02-01;ES;0;92318;11.7594
2024-03-01;ES;0;124347;11.7594
2024-04-01;ES;0;115113;11.7594
2024-05-01;ES;0;118049;11.7594
2024-06-01;ES;0;112493;11.7594
2024-07-01;ES;0;115202;11.7594
2024-08-01;ES;0;88174;11.7594
2024-09-01;ES;0;103541;11.7594
2024-10-01;ES;0;106462;11.7594
2024-11-01;ES;0;102181;11.7594
2024-12-01;ES;0;91966;11.7594
2025-01-01;ES;0;93743;11.447
2025-02-01;ES;0;92902;11.447
2025-03-01;ES;0;125134;11.447
2025-04-01;ES;0;115842;11.447
2025-05-01;ES;0;118797;11.447
2025-06-01;ES;0;113206;11.447
2025-07-01;ES;0;115932;11.447
2025-08-01;ES;0;88733;11.447
2025-09-01;ES;0;104197;11.447
2025-10-01;ES;0;107136;11.447
2025-11-01;ES;0;102829;11.447
2025-12-01;ES;0;92548;11.447
2026-01-01;ES;0;94333;11.6658
2026-02-01;ES;0;93487;11.6658
2026-03-01;ES;0;125922;11.6658
2026-04-01;ES;0;116571;11.6658
2026-05-01;ES;0;119545;11.6658
2026-06-01;ES;0;113919;11.6658
2026-07-01;ES;0;116662;11.6658
2026-08-01;ES;0;89291;11.6658
2026-09-01;ES;0;104853;11.6658
2026-10-01;ES;0;107810;11.6658
2026-11-01;ES;0;103476;11.6658
2026-12-01;ES;0;93131;11.6658
2027-01-01;ES;0;93153;11.4956
2027-02-01;ES;0;92318;11.4956
2027-03-01;ES;0;124347;11.4956
2027-04-01;ES;0;115113;11.4956
2027-05-01;ES;0;118049;11.4956
2027-06-01;ES;0;112493;11.4956
2027-07-01;ES;0;115202;11.4956
2027-08-01;ES;0;88174;11.4956
2027-09-01;ES;0;103541;11.4956
2027-10-01;ES;0;106462;11.4956
2027-11-01;ES;0;102181;11.4956
2027-12-01;ES;0;91966;11.4956
2007-01-01;FR;8782;154162;28.097
2007-02-01;FR;9499;166747;28.097
2007-03-01;FR;13312;233684;28.097
2007-04-01;FR;9887;173563;28.097
2007-05-01;FR;10844;190365;28.097
2007-06-01;FR;13550;237866;28.097
2007-07-01;FR;8413;147694;28.097
2007-08-01;FR;6030;105859;28.097
2007-09-01;FR;9636;169147;28.097
2007-10-01;FR;9796;171963;28.097
2007-11-01;FR;9978;175159;28.097
2007-12-01;FR;10451;183464;28.097
2008-01-01;FR;8140;152824;28.4282
2008-02-01;FR;8805;165300;28.4282
2008-03-01;FR;12339;231657;28.4282
2008-04-01;FR;9165;172057;28.4282
2008-05-01;FR;10052;188713;28.4282
2008-06-01;FR;12560;235802;28.4282
2008-07-01;FR;7799;146412;28.4282
2008-08-01;FR;5590;104941;28.4282
2008-09-01;FR;8932;167680;28.4282
2008-10-01;FR;9080;170471;28.4282
2008-11-01;FR;9249;173639;28.4282
2008-12-01;FR;9688;181872;28.4282
2009-01-01;FR;7860;168245;28.7075
2009-02-01;FR;8502;181979;28.7075
2009-03-01;FR;11914;255032;28.7075
2009-04-01;FR;8849;189418;28.7075
2009-05-01;FR;9706;207755;28.7075
2009-06-01;FR;12128;259596;28.7075
2009-07-01;FR;7530;161186;28.7075
2009-08-01;FR;5397;115530;28.7075
2009-09-01;FR;8624;184599;28.7075
2009-10-01;FR;8767;187672;28.7075
2009-11-01;FR;8930;191160;28.7075
2009-12-01;FR;9354;200224;28.7075
2010-01-01;FR;7392;164538;28.7659
2010-02-01;FR;7995;177970;28.7659
2010-03-01;FR;11205;249413;28.7659
2010-04-01;FR;8322;185245;28.7659
2010-05-01;FR;9127;203178;28.7659
2010-06-01;FR;11405;253876;28.7659
2010-07-01;FR;7082;157635;28.7659
2010-08-01;FR;5076;112984;28.7659
2010-09-01;FR;8110;180532;28.7659
2010-10-01;FR;8245;183537;28.7659
2010-11-01;FR;8398;186948;28.7659
2010-12-01;FR;8797;195813;28.7659
2011-01-01;FR;5979;161071;26.6777
2011-02-01;FR;6467;174220;26.6777
2011-03-01;FR;9063;244158;26.6777
2011-04-01;FR;6732;181342;26.6777
2011-05-01;FR;7383;198897;26.6777
2011-06-01;FR;9226;248527;26.6777
2011-07-01;FR;5728;154314;26.6777
2011-08-01;FR;4106;110604;26.6777
2011-09-01;FR;6560;176729;26.6777
2011-10-01;FR;6670;179670;26.6777
2011-11-01;FR;6793;183010;26.6777
2011-12-01;FR;7116;191687;26.6777
2012-01-01;FR;4850;138750;25.9703
2012-02-01;FR;5245;150076;25.9703
2012-03-01;FR;7351;210322;25.9703
2012-04-01;FR;5460;156211;25.9703
2012-05-01;FR;5988;171333;25.9703
2012-06-01;FR;7483;214086;25.9703
2012-07-01;FR;4646;132928;25.9703
2012-08-01;FR;3330;95276;25.9703
2012-09-01;FR;5321;152237;25.9703
2012-10-01;FR;5410;154771;25.9703
2012-11-01;FR;5510;157648;25.9703
2012-12-01;FR;5771;165123;25.9703
2013-01-01;FR;6612;130835;25.3715
2013-02-01;FR;7152;141516;25.3715
2013-03-01;FR;10023;198325;25.3715
2013-04-01;FR;7444;147301;25.3715
2013-05-01;FR;8165;161561;25.3715
2013-06-01;FR;10202;201874;25.3715
2013-07-01;FR;6335;125346;25.3715
2013-08-01;FR;4540;89841;25.3715
2013-09-01;FR;7255;143553;25.3715
2013-10-01;FR;7375;145943;25.3715
2013-11-01;FR;7513;148655;25.3715
2013-12-01;FR;7869;155704;25.3715
2014-01-01;FR;6136;131232;23.2018
2014-02-01;FR;6637;141945;23.2018
2014-03-01;FR;9301;198927;23.2018
2014-04-01;FR;6908;147747;23.2018
2014-05-01;FR;7577;162050;23.2018
2014-06-01;FR;9467;202486;23.2018
2014-07-01;FR;5878;125726;23.2018
2014-08-01;FR;4213;90114;23.2018
2014-09-01;FR;6732;143989;23.2018
2014-10-01;FR;6844;146385;23.2018
2014-11-01;FR;6971;149106;23.2018
2014-12-01;FR;7302;156176;23.2018
2015-01-01;FR;6603;140099;22.3596
2015-02-01;FR;7143;151536;22.3596
2015-03-01;FR;10010;212367;22.3596
2015-04-01;FR;7434;157730;22.3596
2015-05-01;FR;8154;173000;22.3596
2015-06-01;FR;10189;216168;22.3596
2015-07-01;FR;6326;134221;22.3596
2015-08-01;FR;4534;96202;22.3596
2015-09-01;FR;7245;153718;22.3596
2015-10-01;FR;7366;156276;22.3596
2015-11-01;FR;7503;159181;22.3596
2015-12-01;FR;7859;166728;22.3596
2016-01-01;FR;7149;147257;22.004
2016-02-01;FR;7732;159278;22.004
2016-03-01;FR;10836;223217;22.004
2016-04-01;FR;8048;165788;22.004
2016-05-01;FR;8828;181838;22.004
2016-06-01;FR;11030;227212;22.004
2016-07-01;FR;6849;141079;22.004
2016-08-01;FR;4909;101117;22.004
2016-09-01;FR;7844;161571;22.004
2016-10-01;FR;7974;164260;22.004
2016-11-01;FR;8122;167313;22.004
2016-12-01;FR;8508;175247;22.004
2017-01-01;FR;7137;154240;22.3735
2017-02-01;FR;7719;166832;22.3735
2017-03-01;FR;10818;233803;22.3735
2017-04-01;FR;8035;173651;22.3735
2017-05-01;FR;8813;190462;22.3735
2017-06-01;FR;11012;237987;22.3735
2017-07-01;FR;6837;147769;22.3735
2017-08-01;FR;4901;105913;22.3735
2017-09-01;FR;7830;169234;22.3735
2017-10-01;FR;7961;172050;22.3735
2017-11-01;FR;8109;175248;22.3735
2017-12-01;FR;8493;183558;22.3735
2018-01-01;FR;7461;158376;23.2204
2018-02-01;FR;8080;171514;23.2204
2018-03-01;FR;10860;230511;23.2204
2018-04-01;FR;8805;186896;23.2204
2018-05-01;FR;8781;186380;23.2204
2018-06-01;FR;11531;244768;23.2204
2018-07-01;FR;7867;166982;23.2204
2018-08-01;FR;5131;108923;23.2204
2018-09-01;FR;7793;165428;23.2204
2018-10-01;FR;8647;183542;23.2204
2018-11-01;FR;8499;180405;23.2204
2018-12-01;FR;8940;189756;23.2204
2019-01-01;FR;7732;162144;23.8654
2019-02-01;FR;8363;175368;23.8654
2019-03-01;FR;10750;225431;23.8654
2019-04-01;FR;9563;200545;23.8654
2019-05-01;FR;9589;201093;23.8654
2019-06-01;FR;10824;226992;23.8654
2019-07-01;FR;8540;179088;23.8654
2019-08-01;FR;5085;106638;23.8654
2019-09-01;FR;8464;177493;23.8654
2019-10-01;FR;8942;187524;23.8654
2019-11-01;FR;7984;167423;23.8654
2019-12-01;FR;9754;204540;23.8654
2020-01-01;FR;7732;162144;23.8654
2020-02-01;FR;8363;175368;23.8654
2020-03-01;FR;10750;225431;23.8654
2020-04-01;FR;9563;200545;23.8654
2020-05-01;FR;9589;201093;23.8654
2020-06-01;FR;10824;226992;23.8654
2020-07-01;FR;8540;179088;23.8654
2020-08-01;FR;5085;106638;23.8654
2020-09-01;FR;8464;177493;23.8654
2020-10-01;FR;8942;187524;23.8654
2020-11-01;FR;7984;167423;23.8654
2020-12-01;FR;9754;204540;23.8654
2021-01-01;FR;0;132540;22.5567
2021-02-01;FR;0;143350;22.5567
2021-03-01;FR;0;184272;22.5567
2021-04-01;FR;0;163930;22.5567
2021-05-01;FR;0;164378;22.5567
2021-06-01;FR;0;185548;22.5567
2021-07-01;FR;0;146390;22.5567
2021-08-01;FR;0;87168;22.5567
2021-09-01;FR;0;145086;22.5567
2021-10-01;FR;0;153287;22.5567
2021-11-01;FR;0;136855;22.5567
2021-12-01;FR;0;167195;22.5567
2022-01-01;FR;0;136714;20.5248
2022-02-01;FR;0;147864;20.5248
2022-03-01;FR;0;190075;20.5248
2022-04-01;FR;0;169093;20.5248
2022-05-01;FR;0;169555;20.5248
2022-06-01;FR;0;191391;20.5248
2022-07-01;FR;0;151000;20.5248
2022-08-01;FR;0;89913;20.5248
2022-09-01;FR;0;149655;20.5248
2022-10-01;FR;0;158114;20.5248
2022-11-01;FR;0;141165;20.5248
2022-12-01;FR;0;172461;20.5248
2023-01-01;FR;0;137293;19.5965
2023-02-01;FR;0;148490;19.5965
2023-03-01;FR;0;190879;19.5965
2023-04-01;FR;0;169808;19.5965
2023-05-01;FR;0;170272;19.5965
2023-06-01;FR;0;192201;19.5965
2023-07-01;FR;0;151639;19.5965
2023-08-01;FR;0;90294;19.5965
2023-09-01;FR;0;150289;19.5965
2023-10-01;FR;0;158783;19.5965
2023-11-01;FR;0;141763;19.5965
2023-12-01;FR;0;173190;19.5965
2024-01-01;FR;0;138142;20.0984
2024-02-01;FR;0;149408;20.0984
2024-03-01;FR;0;192060;20.0984
2024-04-01;FR;0;170859;20.0984
2024-05-01;FR;0;171326;20.0984
2024-06-01;FR;0;193390;20.0984
2024-07-01;FR;0;152578;20.0984
2024-08-01;FR;0;90852;20.0984
2024-09-01;FR;0;151218;20.0984
2024-10-01;FR;0;159765;20.0984
2024-11-01;FR;0;142640;20.0984
2024-12-01;FR;0;174262;20.0984
2025-01-01;FR;0;133156;21.2914
2025-02-01;FR;0;144015;21.2914
2025-03-01;FR;0;185127;21.2914
2025-04-01;FR;0;164691;21.2914
2025-05-01;FR;0;165141;21.2914
2025-06-01;FR;0;186409;21.2914
2025-07-01;FR;0;147070;21.2914
2025-08-01;FR;0;87573;21.2914
2025-09-01;FR;0;145760;21.2914
2025-10-01;FR;0;153998;21.2914
2025-11-01;FR;0;137491;21.2914
2025-12-01;FR;0;167971;21.2914
2026-01-01;FR;0;134759;21.5408
2026-02-01;FR;0;145749;21.5408
2026-03-01;FR;0;187357;21.5408
2026-04-01;FR;0;166675;21.5408
2026-05-01;FR;0;167130;21.5408
2026-06-01;FR;0;188654;21.5408
2026-07-01;FR;0;148841;21.5408
2026-08-01;FR;0;88627;21.5408
2026-09-01;FR;0;147515;21.5408
2026-10-01;FR;0;155853;21.5408
2026-11-01;FR;0;139146;21.5408
2026-12-01;FR;0;169994;21.5408
2027-01-01;FR;0;135045;21.2998
2027-02-01;FR;0;146058;21.2998
2027-03-01;FR;0;187754;21.2998
2027-04-01;FR;0;167028;21.2998
2027-05-01;FR;0;167484;21.2998
2027-06-01;FR;0;189054;21.2998
2027-07-01;FR;0;149156;21.2998
2027-08-01;FR;0;88815;21.2998
2027-09-01;FR;0;147828;21.2998
2027-10-01;FR;0;156183;21.2998
2027-11-01;FR;0;139441;21.2998
2027-12-01;FR;0;170354;21.2998
2007-01-01;GB;3627;153912;25.0607
2007-02-01;GB;1712;72645;25.0607
2007-03-01;GB;11710;496864;25.0607
2007-04-01;GB;3612;153272;25.0607
2007-05-01;GB;4501;190993;25.0607
2007-06-01;GB;5556;235728;25.0607
2007-07-01;GB;3701;157043;25.0607
2007-08-01;GB;1688;71609;25.0607
2007-09-01;GB;9577;406351;25.0607
2007-10-01;GB;3678;156072;25.0607
2007-11-01;GB;3809;161598;25.0607
2007-12-01;GB;3486;147920;25.0607
2008-01-01;GB;2558;136484;24.8518
2008-02-01;GB;1207;64419;24.8518
2008-03-01;GB;8257;440603;24.8518
2008-04-01;GB;2547;135917;24.8518
2008-05-01;GB;3174;169367;24.8518
2008-06-01;GB;3917;209036;24.8518
2008-07-01;GB;2610;139260;24.8518
2008-08-01;GB;1190;63501;24.8518
2008-09-01;GB;6752;360339;24.8518
2008-10-01;GB;2593;138399;24.8518
2008-11-01;GB;2685;143299;24.8518
2008-12-01;GB;2458;131171;24.8518
2009-01-01;GB;2443;127726;25.9938
2009-02-01;GB;1153;60286;25.9938
2009-03-01;GB;7885;412330;25.9938
2009-04-01;GB;2432;127195;25.9938
2009-05-01;GB;3031;158498;25.9938
2009-06-01;GB;3741;195622;25.9938
2009-07-01;GB;2492;130324;25.9938
2009-08-01;GB;1136;59426;25.9938
2009-09-01;GB;6449;337216;25.9938
2009-10-01;GB;2477;129518;25.9938
2009-11-01;GB;2565;134104;25.9938
2009-12-01;GB;2348;122754;25.9938
2010-01-01;GB;2122;130021;24.3004
2010-02-01;GB;1002;61369;24.3004
2010-03-01;GB;6851;419739;24.3004
2010-04-01;GB;2113;129481;24.3004
2010-05-01;GB;2634;161346;24.3004
2010-06-01;GB;3250;199137;24.3004
2010-07-01;GB;2165;132666;24.3004
2010-08-01;GB;987;60494;24.3004
2010-09-01;GB;5603;343276;24.3004
2010-10-01;GB;2152;131845;24.3004
2010-11-01;GB;2228;136514;24.3004
2010-12-01;GB;2040;124959;24.3004
2011-01-01;GB;1623;124285;22.2251
2011-02-01;GB;766;58661;22.2251
2011-03-01;GB;5238;401221;22.2251
2011-04-01;GB;1616;123769;22.2251
2011-05-01;GB;2014;154228;22.2251
2011-06-01;GB;2485;190352;22.2251
2011-07-01;GB;1656;126813;22.2251
2011-08-01;GB;755;57825;22.2251
2011-09-01;GB;4284;328132;22.2251
2011-10-01;GB;1645;126029;22.2251
2011-11-01;GB;1704;130491;22.2251
2011-12-01;GB;1559;119447;22.2251
2012-01-01;GB;1096;130902;22.6324
2012-02-01;GB;517;61785;22.6324
2012-03-01;GB;3537;422583;22.6324
2012-04-01;GB;1091;130358;22.6324
2012-05-01;GB;1360;162440;22.6324
2012-06-01;GB;1678;200487;22.6324
2012-07-01;GB;1118;133565;22.6324
2012-08-01;GB;510;60904;22.6324
2012-09-01;GB;2892;345602;22.6324
2012-10-01;GB;1111;132739;22.6324
2012-11-01;GB;1150;137439;22.6324
2012-12-01;GB;1053;125806;22.6324
2013-01-01;GB;2472;144995;21.645
2013-02-01;GB;1167;68437;21.645
2013-03-01;GB;7981;468080;21.645
2013-04-01;GB;2462;144393;21.645
2013-05-01;GB;3068;179928;21.645
2013-06-01;GB;3787;222072;21.645
2013-07-01;GB;2523;147945;21.645
2013-08-01;GB;1150;67461;21.645
2013-09-01;GB;6527;382810;21.645
2013-10-01;GB;2507;147030;21.645
2013-11-01;GB;2596;152236;21.645
2013-12-01;GB;2376;139351;21.645
2014-01-01;GB;2076;158549;20.3636
2014-02-01;GB;980;74834;20.3636
2014-03-01;GB;6701;511834;20.3636
2014-04-01;GB;2067;157890;20.3636
2014-05-01;GB;2576;196747;20.3636
2014-06-01;GB;3179;242830;20.3636
2014-07-01;GB;2118;161774;20.3636
2014-08-01;GB;966;73767;20.3636
2014-09-01;GB;5481;418594;20.3636
2014-10-01;GB;2105;160774;20.3636
2014-11-01;GB;2180;166466;20.3636
2014-12-01;GB;1995;152377;20.3636
2015-01-01;GB;1948;168605;19.5577
2015-02-01;GB;919;79580;19.5577
2015-03-01;GB;6288;544297;19.5577
2015-04-01;GB;1940;167904;19.5577
2015-05-01;GB;2417;209226;19.5577
2015-06-01;GB;2983;258232;19.5577
2015-07-01;GB;1987;172034;19.5577
2015-08-01;GB;906;78445;19.5577
2015-09-01;GB;5142;445143;19.5577
2015-10-01;GB;1975;170971;19.5577
2015-11-01;GB;2045;177024;19.5577
2015-12-01;GB;1872;162041;19.5577
2016-01-01;GB;1802;172400;17.4547
2016-02-01;GB;851;81372;17.4547
2016-03-01;GB;5817;556549;17.4547
2016-04-01;GB;1795;171684;17.4547
2016-05-01;GB;2236;213936;17.4547
2016-06-01;GB;2760;264045;17.4547
2016-07-01;GB;1839;175907;17.4547
2016-08-01;GB;838;80211;17.4547
2016-09-01;GB;4758;455164;17.4547
2016-10-01;GB;1827;174820;17.4547
2016-11-01;GB;1892;181009;17.4547
2016-12-01;GB;1732;165689;17.4547
2017-01-01;GB;1190;162658;15.811
2017-02-01;GB;562;76773;15.811
2017-03-01;GB;3841;525099;15.811
2017-04-01;GB;1185;161982;15.811
2017-05-01;GB;1476;201847;15.811
2017-06-01;GB;1822;249123;15.811
2017-07-01;GB;1214;165967;15.811
2017-08-01;GB;554;75678;15.811
2017-09-01;GB;3141;429443;15.811
2017-10-01;GB;1206;164941;15.811
2017-11-01;GB;1249;170780;15.811
2017-12-01;GB;1143;156326;15.811
2018-01-01;GB;1107;161502;16.3429
2018-02-01;GB;511;74572;16.3429
2018-03-01;GB;3170;462409;16.3429
2018-04-01;GB;1120;163343;16.3429
2018-05-01;GB;1298;189360;16.3429
2018-06-01;GB;1579;230347;16.3429
2018-07-01;GB;1097;159973;16.3429
2018-08-01;GB;497;72538;16.3429
2018-09-01;GB;2635;384317;16.3429
2018-10-01;GB;1106;161300;16.3429
2018-11-01;GB;1096;159873;16.3429
2018-12-01;GB;1012;147615;16.3429
2019-01-01;GB;1219;157740;15.2201
2019-02-01;GB;563;72838;15.2201
2019-03-01;GB;3493;451995;15.2201
2019-04-01;GB;1228;158869;15.2201
2019-05-01;GB;1423;184178;15.2201
2019-06-01;GB;1666;215531;15.2201
2019-07-01;GB;1256;162495;15.2201
2019-08-01;GB;532;68777;15.2201
2019-09-01;GB;2961;383062;15.2201
2019-10-01;GB;1212;156797;15.2201
2019-11-01;GB;1175;151998;15.2201
2019-12-01;GB;1135;146861;15.2201
2020-01-01;GB;1219;157740;15.2201
2020-02-01;GB;563;72838;15.2201
2020-03-01;GB;3493;451995;15.2201
2020-04-01;GB;1228;158869;15.2201
2020-05-01;GB;1423;184178;15.2201
2020-06-01;GB;1666;215531;15.2201
2020-07-01;GB;1256;162495;15.2201
2020-08-01;GB;532;68777;15.2201
2020-09-01;GB;2961;383062;15.2201
2020-10-01;GB;1212;156797;15.2201
2020-11-01;GB;1175;151998;15.2201
2020-12-01;GB;1135;146861;15.2201
2021-01-01;GB;0;136568;14.0895
2021-02-01;GB;0;147706;14.0895
2021-03-01;GB;0;189871;14.0895
2021-04-01;GB;0;168912;14.0895
2021-05-01;GB;0;169373;14.0895
2021-06-01;GB;0;191186;14.0895
2021-07-01;GB;0;150839;14.0895
2021-08-01;GB;0;89817;14.0895
2021-09-01;GB;0;149495;14.0895
2021-10-01;GB;0;157944;14.0895
2021-11-01;GB;0;141014;14.0895
2021-12-01;GB;0;172276;14.0895
2022-01-01;GB;0;161685;13.7169
2022-02-01;GB;0;174871;13.7169
2022-03-01;GB;0;224791;13.7169
2022-04-01;GB;0;199977;13.7169
2022-05-01;GB;0;200523;13.7169
2022-06-01;GB;0;226348;13.7169
2022-07-01;GB;0;178580;13.7169
2022-08-01;GB;0;106335;13.7169
2022-09-01;GB;0;176989;13.7169
2022-10-01;GB;0;186993;13.7169
2022-11-01;GB;0;166948;13.7169
2022-12-01;GB;0;203960;13.7169
2023-01-01;GB;0;165639;13.4514
2023-02-01;GB;0;179147;13.4514
2023-03-01;GB;0;230289;13.4514
2023-04-01;GB;0;204868;13.4514
2023-05-01;GB;0;205427;13.4514
2023-06-01;GB;0;231884;13.4514
2023-07-01;GB;0;182947;13.4514
2023-08-01;GB;0;108936;13.4514
2023-09-01;GB;0;181318;13.4514
2023-10-01;GB;0;191566;13.4514
2023-11-01;GB;0;171031;13.4514
2023-12-01;GB;0;208948;13.4514
2024-01-01;GB;0;169813;14.4723
2024-02-01;GB;0;183662;14.4723
2024-03-01;GB;0;236092;14.4723
2024-04-01;GB;0;210030;14.4723
2024-05-01;GB;0;210604;14.4723
2024-06-01;GB;0;237727;14.4723
2024-07-01;GB;0;187557;14.4723
2024-08-01;GB;0;111681;14.4723
2024-09-01;GB;0;185887;14.4723
2024-10-01;GB;0;196393;14.4723
2024-11-01;GB;0;175341;14.4723
2024-12-01;GB;0;214213;14.4723
2025-01-01;GB;0;167177;14.6053
2025-02-01;GB;0;180811;14.6053
2025-03-01;GB;0;232427;14.6053
2025-04-01;GB;0;206769;14.6053
2025-05-01;GB;0;207334;14.6053
2025-06-01;GB;0;234037;14.6053
2025-07-01;GB;0;184646;14.6053
2025-08-01;GB;0;109947;14.6053
2025-09-01;GB;0;183001;14.6053
2025-10-01;GB;0;193344;14.6053
2025-11-01;GB;0;172619;14.6053
2025-12-01;GB;0;210888;14.6053
2026-01-01;GB;0;171058;13.9757
2026-02-01;GB;0;185008;13.9757
2026-03-01;GB;0;237823;13.9757
2026-04-01;GB;0;211570;13.9757
2026-05-01;GB;0;212148;13.9757
2026-06-01;GB;0;239470;13.9757
2026-07-01;GB;0;188932;13.9757
2026-08-01;GB;0;112500;13.9757
2026-09-01;GB;0;187249;13.9757
2026-10-01;GB;0;197833;13.9757
2026-11-01;GB;0;176627;13.9757
2026-12-01;GB;0;215783;13.9757
2027-01-01;GB;0;169813;13.9831
2027-02-01;GB;0;183662;13.9831
2027-03-01;GB;0;236092;13.9831
2027-04-01;GB;0;210030;13.9831
2027-05-01;GB;0;210604;13.9831
2027-06-01;GB;0;237727;13.9831
2027-07-01;GB;0;187557;13.9831
2027-08-01;GB;0;111681;13.9831
2027-09-01;GB;0;185887;13.9831
2027-10-01;GB;0;196393;13.9831
2027-11-01;GB;0;175341;13.9831
2027-12-01;GB;0;214213;13.9831
2007-01-01;IT;4186;220316;30.7537
2007-02-01;IT;4463;234911;30.7537
2007-03-01;IT;5456;287170;30.7537
2007-04-01;IT;3991;210044;30.7537
2007-05-01;IT;4990;262638;30.7537
2007-06-01;IT;4494;236547;30.7537
2007-07-01;IT;3561;187432;30.7537
2007-08-01;IT;1939;102045;30.7537
2007-09-01;IT;3812;200639;30.7537
2007-10-01;IT;3861;203221;30.7537
2007-11-01;IT;3761;197976;30.7537
2007-12-01;IT;2865;150776;30.7537
2008-01-01;IT;2728;191021;27.0842
2008-02-01;IT;2909;203676;27.0842
2008-03-01;IT;3556;248986;27.0842
2008-04-01;IT;2601;182115;27.0842
2008-05-01;IT;3252;227716;27.0842
2008-06-01;IT;2929;205094;27.0842
2008-07-01;IT;2321;162510;27.0842
2008-08-01;IT;1264;88476;27.0842
2008-09-01;IT;2485;173961;27.0842
2008-10-01;IT;2517;176200;27.0842
2008-11-01;IT;2452;171652;27.0842
2008-12-01;IT;1867;130728;27.0842
2009-01-01;IT;3262;190764;29.4499
2009-02-01;IT;3478;203402;29.4499
2009-03-01;IT;4252;248651;29.4499
2009-04-01;IT;3110;181870;29.4499
2009-05-01;IT;3889;227410;29.4499
2009-06-01;IT;3502;204818;29.4499
2009-07-01;IT;2775;162292;29.4499
2009-08-01;IT;1511;88357;29.4499
2009-09-01;IT;2971;173727;29.4499
2009-10-01;IT;3009;175963;29.4499
2009-11-01;IT;2931;171421;29.4499
2009-12-01;IT;2232;130553;29.4499
2010-01-01;IT;2039;173293;29.6696
2010-02-01;IT;2174;184773;29.6696
2010-03-01;IT;2658;225879;29.6696
2010-04-01;IT;1944;165214;29.6696
2010-05-01;IT;2431;206582;29.6696
2010-06-01;IT;2189;186060;29.6696
2010-07-01;IT;1735;147428;29.6696
2010-08-01;IT;944;80265;29.6696
2010-09-01;IT;1857;157816;29.6696
2010-10-01;IT;1881;159847;29.6696
2010-11-01;IT;1832;155721;29.6696
2010-12-01;IT;1395;118596;29.6696
2011-01-01;IT;1502;154520;25.9993
2011-02-01;IT;1602;164756;25.9993
2011-03-01;IT;1958;201409;25.9993
2011-04-01;IT;1432;147315;25.9993
2011-05-01;IT;1791;184203;25.9993
2011-06-01;IT;1613;165904;25.9993
2011-07-01;IT;1278;131457;25.9993
2011-08-01;IT;696;71570;25.9993
2011-09-01;IT;1368;140719;25.9993
2011-10-01;IT;1386;142530;25.9993
2011-11-01;IT;1350;138852;25.9993
2011-12-01;IT;1028;105748;25.9993
2012-01-01;IT;1701;123940;24.4987
2012-02-01;IT;1814;132150;24.4987
2012-03-01;IT;2218;161549;24.4987
2012-04-01;IT;1622;118161;24.4987
2012-05-01;IT;2028;147748;24.4987
2012-06-01;IT;1827;133070;24.4987
2012-07-01;IT;1447;105441;24.4987
2012-08-01;IT;788;57406;24.4987
2012-09-01;IT;1549;112870;24.4987
2012-10-01;IT;1569;114323;24.4987
2012-11-01;IT;1529;111372;24.4987
2012-12-01;IT;1164;84820;24.4987
2013-01-01;IT;2294;115247;22.8503
2013-02-01;IT;2446;122881;22.8503
2013-03-01;IT;2990;150218;22.8503
2013-04-01;IT;2187;109873;22.8503
2013-05-01;IT;2735;137385;22.8503
2013-06-01;IT;2463;123737;22.8503
2013-07-01;IT;1952;98045;22.8503
2013-08-01;IT;1062;53379;22.8503
2013-09-01;IT;2089;104954;22.8503
2013-10-01;IT;2116;106304;22.8503
2013-11-01;IT;2061;103561;22.8503
2013-12-01;IT;1570;78871;22.8503
2014-01-01;IT;2153;120194;21.4424
2014-02-01;IT;2296;128156;21.4424
2014-03-01;IT;2807;156666;21.4424
2014-04-01;IT;2053;114590;21.4424
2014-05-01;IT;2567;143283;21.4424
2014-06-01;IT;2312;129049;21.4424
2014-07-01;IT;1832;102254;21.4424
2014-08-01;IT;997;55671;21.4424
2014-09-01;IT;1961;109459;21.4424
2014-10-01;IT;1986;110868;21.4424
2014-11-01;IT;1935;108006;21.4424
2014-12-01;IT;1474;82256;21.4424
2015-01-01;IT;2464;139203;20.9867
2015-02-01;IT;2627;148425;20.9867
2015-03-01;IT;3212;181444;20.9867
2015-04-01;IT;2349;132713;20.9867
2015-05-01;IT;2938;165944;20.9867
2015-06-01;IT;2646;149458;20.9867
2015-07-01;IT;2096;118426;20.9867
2015-08-01;IT;1141;64475;20.9867
2015-09-01;IT;2244;126771;20.9867
2015-10-01;IT;2273;128402;20.9867
2015-11-01;IT;2214;125088;20.9867
2015-12-01;IT;1686;95266;20.9867
2016-01-01;IT;2996;161290;19.2002
2016-02-01;IT;3194;171975;19.2002
2016-03-01;IT;3905;210233;19.2002
2016-04-01;IT;2856;153770;19.2002
2016-05-01;IT;3572;192273;19.2002
2016-06-01;IT;3217;173172;19.2002
2016-07-01;IT;2549;137216;19.2002
2016-08-01;IT;1388;74705;19.2002
2016-09-01;IT;2728;146885;19.2002
2016-10-01;IT;2764;148775;19.2002
2016-11-01;IT;2692;144935;19.2002
2016-12-01;IT;2050;110381;19.2002
2017-01-01;IT;3170;174153;18.8486
2017-02-01;IT;3380;185690;18.8486
2017-03-01;IT;4132;226999;18.8486
2017-04-01;IT;3022;166033;18.8486
2017-05-01;IT;3779;207607;18.8486
2017-06-01;IT;3404;186983;18.8486
2017-07-01;IT;2697;148159;18.8486
2017-08-01;IT;1468;80663;18.8486
2017-09-01;IT;2887;158599;18.8486
2017-10-01;IT;2924;160640;18.8486
2017-11-01;IT;2849;156494;18.8486
2017-12-01;IT;2169;119184;18.8486
2018-01-01;IT;3006;174219;18.0618
2018-02-01;IT;3097;179501;18.0618
2018-03-01;IT;3598;208549;18.0618
2018-04-01;IT;2904;168319;18.0618
2018-05-01;IT;3435;199055;18.0618
2018-06-01;IT;3083;178700;18.0618
2018-07-01;IT;2548;147647;18.0618
2018-08-01;IT;1336;77429;18.0618
2018-09-01;IT;2511;145510;18.0618
2018-10-01;IT;2767;160371;18.0618
2018-11-01;IT;2586;149875;18.0618
2018-12-01;IT;2096;121463;18.0618
2019-01-01;IT;2750;174412;15.5159
2019-02-01;IT;2847;180518;15.5159
2019-03-01;IT;3155;200093;15.5159
2019-04-01;IT;2799;177470;15.5159
2019-05-01;IT;3145;199407;15.5159
2019-06-01;IT;2691;170659;15.5159
2019-07-01;IT;2430;154066;15.5159
2019-08-01;IT;1171;74285;15.5159
2019-09-01;IT;2424;153718;15.5159
2019-10-01;IT;2532;160575;15.5159
2019-11-01;IT;2257;143138;15.5159
2019-12-01;IT;2027;128524;15.5159
2020-01-01;IT;2750;174412;15.5159
2020-02-01;IT;2847;180518;15.5159
2020-03-01;IT;3155;200093;15.5159
2020-04-01;IT;2799;177470;15.5159
2020-05-01;IT;3145;199407;15.5159
2020-06-01;IT;2691;170659;15.5159
2020-07-01;IT;2430;154066;15.5159
2020-08-01;IT;1171;74285;15.5159
2020-09-01;IT;2424;153718;15.5159
2020-10-01;IT;2532;160575;15.5159
2020-11-01;IT;2257;143138;15.5159
2020-12-01;IT;2027;128524;15.5159
2021-01-01;IT;0;109840;18.5605
2021-02-01;IT;0;118798;18.5605
2021-03-01;IT;0;152712;18.5605
2021-04-01;IT;0;135854;18.5605
2021-05-01;IT;0;136225;18.5605
2021-06-01;IT;0;153769;18.5605
2021-07-01;IT;0;121318;18.5605
2021-08-01;IT;0;72239;18.5605
2021-09-01;IT;0;120237;18.5605
2021-10-01;IT;0;127033;18.5605
2021-11-01;IT;0;113416;18.5605
2021-12-01;IT;0;138560;18.5605
2022-01-01;IT;0;121117;19.0964
2022-02-01;IT;0;130995;19.0964
2022-03-01;IT;0;168390;19.0964
2022-04-01;IT;0;149801;19.0964
2022-05-01;IT;0;150211;19.0964
2022-06-01;IT;0;169556;19.0964
2022-07-01;IT;0;133773;19.0964
2022-08-01;IT;0;79655;19.0964
2022-09-01;IT;0;132582;19.0964
2022-10-01;IT;0;140075;19.0964
2022-11-01;IT;0;125060;19.0964
2022-12-01;IT;0;152785;19.0964
2023-01-01;IT;0;122874;19.8665
2023-02-01;IT;0;132895;19.8665
2023-03-01;IT;0;170833;19.8665
2023-04-01;IT;0;151975;19.8665
2023-05-01;IT;0;152390;19.8665
2023-06-01;IT;0;172016;19.8665
2023-07-01;IT;0;135714;19.8665
2023-08-01;IT;0;80811;19.8665
2023-09-01;IT;0;134505;19.8665
2023-10-01;IT;0;142108;19.8665
2023-11-01;IT;0;126875;19.8665
2023-12-01;IT;0;155002;19.8665
2024-01-01;IT;0;128074;22.8338
2024-02-01;IT;0;138519;22.8338
2024-03-01;IT;0;178062;22.8338
2024-04-01;IT;0;158406;22.8338
2024-05-01;IT;0;158838;22.8338
2024-06-01;IT;0;179295;22.8338
2024-07-01;IT;0;141457;22.8338
2024-08-01;IT;0;84230;22.8338
2024-09-01;IT;0;140197;22.8338
2024-10-01;IT;0;148120;22.8338
2024-11-01;IT;0;132243;22.8338
2024-12-01;IT;0;161560;22.8338
2025-01-01;IT;0;129977;26.4583
2025-02-01;IT;0;140578;26.4583
2025-03-01;IT;0;180709;26.4583
2025-04-01;IT;0;160760;26.4583
2025-05-01;IT;0;161199;26.4583
2025-06-01;IT;0;181960;26.4583
2025-07-01;IT;0;143560;26.4583
2025-08-01;IT;0;85483;26.4583
2025-09-01;IT;0;142281;26.4583
2025-10-01;IT;0;150322;26.4583
2025-11-01;IT;0;134209;26.4583
2025-12-01;IT;0;163962;26.4583
2026-01-01;IT;0;127707;25.2594
2026-02-01;IT;0;138123;25.2594
2026-03-01;IT;0;177553;25.2594
2026-04-01;IT;0;157953;25.2594
2026-05-01;IT;0;158384;25.2594
2026-06-01;IT;0;178782;25.2594
2026-07-01;IT;0;141052;25.2594
2026-08-01;IT;0;83990;25.2594
2026-09-01;IT;0;139796;25.2594
2026-10-01;IT;0;147697;25.2594
2026-11-01;IT;0;131865;25.2594
2026-12-01;IT;0;161099;25.2594
2027-01-01;IT;0;125071;24.5678
2027-02-01;IT;0;135271;24.5678
2027-03-01;IT;0;173888;24.5678
2027-04-01;IT;0;154692;24.5678
2027-05-01;IT;0;155115;24.5678
2027-06-01;IT;0;175092;24.5678
2027-07-01;IT;0;138141;24.5678
2027-08-01;IT;0;82256;24.5678
2027-09-01;IT;0;136910;24.5678
2027-10-01;IT;0;144648;24.5678
2027-11-01;IT;0;129143;24.5678
2027-12-01;IT;0;157773;24.5678
