Date;Country;Sales_308;Market;SegmentMix
2008-01-01;DE;773;225222;11.5499
2008-02-01;DE;768;223900;11.5499
2008-03-01;DE;1140;332289;11.5499
2008-04-01;DE;872;254082;11.5499
2008-05-01;DE;991;288921;11.5499
2008-06-01;DE;1034;301445;11.5499
2008-07-01;DE;881;256829;11.5499
2008-08-01;DE;780;227276;11.5499
2008-09-01;DE;868;253018;11.5499
2008-10-01;DE;861;250795;11.5499
2008-11-01;DE;905;263825;11.5499
2008-12-01;DE;729;212437;11.5499
2009-01-01;DE;884;277491;14.5532
2009-02-01;DE;879;275863;14.5532
2009-03-01;DE;1305;409407;14.5532
2009-04-01;DE;998;313049;14.5532
2009-05-01;DE;1135;355974;14.5532
2009-06-01;DE;1184;371404;14.5532
2009-07-01;DE;1009;316433;14.5532
2009-08-01;DE;893;280022;14.5532
2009-09-01;DE;994;311739;14.5532
2009-10-01;DE;985;309000;14.5532
2009-11-01;DE;1036;325054;14.5532
2009-12-01;DE;834;261739;14.5532
2010-01-01;DE;794;212555;12.5421
2010-02-01;DE;789;211308;12.5421
2010-03-01;DE;1171;313602;12.5421
2010-04-01;DE;896;239792;12.5421
2010-05-01;DE;1018;272673;12.5421
2010-06-01;DE;1063;284492;12.5421
2010-07-01;DE;905;242385;12.5421
2010-08-01;DE;801;214494;12.5421
2010-09-01;DE;892;238789;12.5421
2010-10-01;DE;884;236691;12.5421
2010-11-01;DE;930;248988;12.5421
2010-12-01;DE;749;200490;12.5421
2011-01-01;DE;625;231315;10.5525
2011-02-01;DE;621;229957;10.5525
2011-03-01;DE;922;341279;10.5525
2011-04-01;DE;705;260955;10.5525
2011-05-01;DE;801;296738;10.5525
2011-06-01;DE;836;309600;10.5525
2011-07-01;DE;712;263777;10.5525
2011-08-01;DE;630;233425;10.5525
2011-09-01;DE;702;259863;10.5525
2011-10-01;DE;696;257580;10.5525
2011-11-01;DE;732;270963;10.5525
2011-12-01;DE;589;218184;10.5525
2012-01-01;DE;345;224672;10.4076
2012-02-01;DE;343;223354;10.4076
2012-03-01;DE;509;331479;10.4076
2012-04-01;DE;389;253462;10.4076
2012-05-01;DE;442;288217;10.4076
2012-06-01;DE;462;300710;10.4076
2012-07-01;DE;393;256202;10.4076
2012-08-01;DE;348;226722;10.4076
2012-09-01;DE;387;252401;10.4076
2012-10-01;DE;384;250183;10.4076
2012-11-01;DE;404;263182;10.4076
2012-12-01;DE;325;211919;10.4076
2013-01-01;DE;419;215192;11.7761
2013-02-01;DE;416;213929;11.7761
2013-03-01;DE;618;317491;11.7761
2013-04-01;DE;472;242767;11.7761
2013-05-01;DE;537;276055;11.7761
2013-06-01;DE;560;288020;11.7761
2013-07-01;DE;477;245391;11.7761
2013-08-01;DE;423;217155;11.7761
2013-09-01;DE;470;241751;11.7761
2013-10-01;DE;466;239626;11.7761
2013-11-01;DE;491;252076;11.7761
2013-12-01;DE;395;202977;11.7761
2014-01-01;DE;451;221338;9.3491
2014-02-01;DE;449;220039;9.3491
2014-03-01;DE;666;326559;9.3491
2014-04-01;DE;509;249700;9.3491
2014-05-01;DE;579;283939;9.3491
2014-06-01;DE;604;296247;9.3491
2014-07-01;DE;515;252400;9.3491
2014-08-01;DE;455;223357;9.3491
2014-09-01;DE;507;248655;9.3491
2014-10-01;DE;502;246470;9.3491
2014-11-01;DE;529;259276;9.3491
2014-12-01;DE;426;208774;9.3491
2015-01-01;DE;305;233671;9.4766
2015-02-01;DE;303;232300;9.4766
2015-03-01;DE;450;344756;9.4766
2015-04-01;DE;344;263614;9.4766
2015-05-01;DE;391;299761;9.4766
2015-06-01;DE;408;312754;9.4766
2015-07-01;DE;348;266464;9.4766
2015-08-01;DE;308;235803;9.4766
2015-09-01;DE;343;262511;9.4766
2015-10-01;DE;340;260204;9.4766
2015-11-01;DE;357;273723;9.4766
2015-12-01;DE;288;220407;9.4766
2016-01-01;DE;319;244278;8.7657
2016-02-01;DE;317;242845;8.7657
2016-03-01;DE;470;360405;8.7657
2016-04-01;DE;359;275581;8.7657
2016-05-01;DE;409;313368;8.7657
2016-06-01;DE;426;326951;8.7657
2016-07-01;DE;363;278560;8.7657
2016-08-01;DE;321;246507;8.7657
2016-09-01;DE;358;274427;8.7657
2016-10-01;DE;355;272016;8.7657
2016-11-01;DE;373;286149;8.7657
2016-12-01;DE;301;230412;8.7657
2017-01-01;DE;310;250810;7.819
2017-02-01;DE;308;249339;7.819
2017-03-01;DE;457;370043;7.819
2017-04-01;DE;349;282949;7.819
2017-05-01;DE;397;321747;7.819
2017-06-01;DE;414;335694;7.819
2017-07-01;DE;353;286009;7.819
2017-08-01;DE;312;253098;7.819
2017-09-01;DE;348;281765;7.819
2017-10-01;DE;345;279289;7.819
2017-11-01;DE;363;293800;7.819
2017-12-01;DE;292;236573;7.819
2018-01-01;DE;362;252561;7.8545
2018-02-01;DE;359;250471;7.8545
2018-03-01;DE;484;337928;7.8545
2018-04-01;DE;449;313325;7.8545
2018-05-01;DE;438;305688;7.8545
2018-06-01;DE;483;337033;7.8545
2018-07-01;DE;429;299741;7.8545
2018-08-01;DE;360;251398;7.8545
2018-09-01;DE;384;268239;7.8545
2018-10-01;DE;416;290251;7.8545
2018-11-01;DE;418;291823;7.8545
2018-12-01;DE;340;237195;7.8545
2019-01-01;DE;381;266047;7.3628
2019-02-01;DE;378;263660;7.3628
2019-03-01;DE;509;355136;7.3628
2019-04-01;DE;471;328763;7.3628
2019-05-01;DE;483;337150;7.3628
2019-06-01;DE;461;321282;7.3628
2019-07-01;DE;472;329019;7.3628
2019-08-01;DE;361;251826;7.3628
2019-09-01;DE;424;295715;7.3628
2019-10-01;DE;436;304055;7.3628
2019-11-01;DE;418;291831;7.3628
2019-12-01;DE;377;262656;7.3628
2020-01-01;DE;381;266047;7.3628
2020-02-01;DE;378;263660;7.3628
2020-03-01;DE;509;355136;7.3628
2020-04-01;DE;471;328763;7.3628
2020-05-01;DE;483;337150;7.3628
2020-06-01;DE;461;321282;7.3628
2020-07-01;DE;472;329019;7.3628
2020-08-01;DE;361;251826;7.3628
2020-09-01;DE;424;295715;7.3628
2020-10-01;DE;436;304055;7.3628
2020-11-01;DE;418;291831;7.3628
2020-12-01;DE;377;262656;7.3628
2021-01-01;DE;0;219680;7.9694
2021-02-01;DE;0;237596;7.9694
2021-03-01;DE;0;305423;7.9694
2021-04-01;DE;0;271708;7.9694
2021-05-01;DE;0;272450;7.9694
2021-06-01;DE;0;307538;7.9694
2021-07-01;DE;0;242636;7.9694
2021-08-01;DE;0;144478;7.9694
2021-09-01;DE;0;240475;7.9694
2021-10-01;DE;0;254066;7.9694
2021-11-01;DE;0;226832;7.9694
2021-12-01;DE;0;277119;7.9694
2022-01-01;DE;0;232422;7.5528
2022-02-01;DE;0;251377;7.5528
2022-03-01;DE;0;323138;7.5528
2022-04-01;DE;0;287467;7.5528
2022-05-01;DE;0;288252;7.5528
2022-06-01;DE;0;325375;7.5528
2022-07-01;DE;0;256709;7.5528
2022-08-01;DE;0;152857;7.5528
2022-09-01;DE;0;254422;7.5528
2022-10-01;DE;0;268802;7.5528
2022-11-01;DE;0;239988;7.5528
2022-12-01;DE;0;293192;7.5528
2023-01-01;DE;0;234399;7.4021
2023-02-01;DE;0;253515;7.4021
2023-03-01;DE;0;325887;7.4021
2023-04-01;DE;0;289912;7.4021
2023-05-01;DE;0;290704;7.4021
2023-06-01;DE;0;328143;7.4021
2023-07-01;DE;0;258892;7.4021
2023-08-01;DE;0;154158;7.4021
2023-09-01;DE;0;256586;7.4021
2023-10-01;DE;0;271088;7.4021
2023-11-01;DE;0;242030;7.4021
2023-12-01;DE;0;295686;7.4021
2024-01-01;DE;0;237474;7.5666
2024-02-01;DE;0;256841;7.5666
2024-03-01;DE;0;330162;7.5666
2024-04-01;DE;0;293716;7.5666
2024-05-01;DE;0;294518;7.5666
2024-06-01;DE;0;332449;7.5666
2024-07-01;DE;0;262289;7.5666
2024-08-01;DE;0;156180;7.5666
2024-09-01;DE;0;259953;7.5666
2024-10-01;DE;0;274645;7.5666
2024-11-01;DE;0;245206;7.5666
2024-12-01;DE;0;299566;7.5666
2025-01-01;DE;0;228687;7.51
2025-02-01;DE;0;247338;7.51
2025-03-01;DE;0;317946;7.51
2025-04-01;DE;0;282848;7.51
2025-05-01;DE;0;283620;7.51
2025-06-01;DE;0;320147;7.51
2025-07-01;DE;0;252584;7.51
2025-08-01;DE;0;150401;7.51
2025-09-01;DE;0;250334;7.51
2025-10-01;DE;0;264483;7.51
2025-11-01;DE;0;236132;7.51
2025-12-01;DE;0;288481;7.51
2026-01-01;DE;0;229200;7.3923
2026-02-01;DE;0;247892;7.3923
2026-03-01;DE;0;318658;7.3923
2026-04-01;DE;0;283482;7.3923
2026-05-01;DE;0;284256;7.3923
2026-06-01;DE;0;320865;7.3923
2026-07-01;DE;0;253150;7.3923
2026-08-01;DE;0;150738;7.3923
2026-09-01;DE;0;250895;7.3923
2026-10-01;DE;0;265076;7.3923
2026-11-01;DE;0;236662;7.3923
2026-12-01;DE;0;289128;7.3923
2027-01-01;DE;0;225392;8.2714
2027-02-01;DE;0;243774;8.2714
2027-03-01;DE;0;313364;8.2714
2027-04-01;DE;0;278772;8.2714
2027-05-01;DE;0;279533;8.2714
2027-06-01;DE;0;315534;8.2714
2027-07-01;DE;0;248944;8.2714
2027-08-01;DE;0;148234;8.2714
2027-09-01;DE;0;246727;8.2714
2027-10-01;DE;0;260672;8.2714
2027-11-01;DE;0;232730;8.2714
2027-12-01;DE;0;284324;8.2714
2008-01-01;ES;2127;84740;20.8254
2008-02-01;ES;2453;97730;20.8254
2008-03-01;ES;3191;127094;20.8254
2008-04-01;ES;2246;89474;20.8254
2008-05-01;ES;2989;119082;20.8254
2008-06-01;ES;3232;128730;20.8254
2008-07-01;ES;2670;106354;20.8254
2008-08-01;ES;1635;65143;20.8254
2008-09-01;ES;1882;74988;20.8254
2008-10-01;ES;2185;87050;20.8254
2008-11-01;ES;2289;91172;20.8254
2008-12-01;ES;2250;89618;20.8254
2009-01-01;ES;1600;69532;22.043
2009-02-01;ES;1846;80191;22.043
2009-03-01;ES;2400;104285;22.043
2009-04-01;ES;1690;73416;22.043
2009-05-01;ES;2249;97711;22.043
2009-06-01;ES;2431;105627;22.043
2009-07-01;ES;2009;87267;22.043
2009-08-01;ES;1230;53452;22.043
2009-09-01;ES;1416;61530;22.043
2009-10-01;ES;1644;71427;22.043
2009-11-01;ES;1722;74810;22.043
2009-12-01;ES;1693;73535;22.043
2010-01-01;ES;1387;71666;19.9941
2010-02-01;ES;1600;82652;19.9941
2010-03-01;ES;2081;107485;19.9941
2010-04-01;ES;1465;75670;19.9941
2010-05-01;ES;1950;100710;19.9941
2010-06-01;ES;2108;108869;19.9941
2010-07-01;ES;1741;89945;19.9941
2010-08-01;ES;1067;55093;19.9941
2010-09-01;ES;1228;63419;19.9941
2010-10-01;ES;1425;73620;19.9941
2010-11-01;ES;1493;77106;19.9941
2010-12-01;ES;1467;75792;19.9941
2011-01-01;ES;953;58970;19.1123
2011-02-01;ES;1099;68010;19.1123
2011-03-01;ES;1430;88443;19.1123
2011-04-01;ES;1007;62264;19.1123
2011-05-01;ES;1340;82868;19.1123
2011-06-01;ES;1448;89582;19.1123
2011-07-01;ES;1196;74011;19.1123
2011-08-01;ES;733;45333;19.1123
2011-09-01;ES;844;52184;19.1123
2011-10-01;ES;979;60577;19.1123
2011-11-01;ES;1026;63446;19.1123
2011-12-01;ES;1008;62364;19.1123
2012-01-01;ES;813;51054;18.3975
2012-02-01;ES;937;58881;18.3975
2012-03-01;ES;1219;76572;18.3975
2012-04-01;ES;858;53907;18.3975
2012-05-01;ES;1142;71745;18.3975
2012-06-01;ES;1235;77557;18.3975
2012-07-01;ES;1020;64077;18.3975
2012-08-01;ES;625;39248;18.3975
2012-09-01;ES;719;45179;18.3975
2012-10-01;ES;835;52446;18.3975
2012-11-01;ES;875;54930;18.3975
2012-12-01;ES;860;53993;18.3975
2013-01-01;ES;832;52740;18.2029
2013-02-01;ES;960;60825;18.2029
2013-03-01;ES;1248;79100;18.2029
2013-04-01;ES;879;55687;18.2029
2013-05-01;ES;1170;74114;18.2029
2013-06-01;ES;1264;80118;18.2029
2013-07-01;ES;1045;66192;18.2029
2013-08-01;ES;640;40544;18.2029
2013-09-01;ES;737;46671;18.2029
2013-10-01;ES;855;54178;18.2029
2013-11-01;ES;896;56743;18.2029
2013-12-01;ES;880;55776;18.2029
2014-01-01;ES;854;62418;16.9237
2014-02-01;ES;984;71987;16.9237
2014-03-01;ES;1280;93616;16.9237
2014-04-01;ES;901;65905;16.9237
2014-05-01;ES;1199;87714;16.9237
2014-06-01;ES;1297;94821;16.9237
2014-07-01;ES;1071;78339;16.9237
2014-08-01;ES;656;47984;16.9237
2014-09-01;ES;755;55235;16.9237
2014-10-01;ES;877;64120;16.9237
2014-11-01;ES;918;67156;16.9237
2014-12-01;ES;903;66012;16.9237
2015-01-01;ES;1110;75476;16.686
2015-02-01;ES;1280;87046;16.686
2015-03-01;ES;1665;113199;16.686
2015-04-01;ES;1172;79692;16.686
2015-05-01;ES;1560;106064;16.686
2015-06-01;ES;1687;114656;16.686
2015-07-01;ES;1393;94727;16.686
2015-08-01;ES;854;58022;16.686
2015-09-01;ES;983;66790;16.686
2015-10-01;ES;1141;77533;16.686
2015-11-01;ES;1195;81205;16.686
2015-12-01;ES;1174;79821;16.686
2016-01-01;ES;1315;83706;15.1416
2016-02-01;ES;1517;96538;15.1416
2016-03-01;ES;1972;125543;15.1416
2016-04-01;ES;1389;88382;15.1416
2016-05-01;ES;1848;117629;15.1416
2016-06-01;ES;1998;127159;15.1416
2016-07-01;ES;1651;105056;15.1416
2016-08-01;ES;1011;64349;15.1416
2016-09-01;ES;1164;74073;15.1416
2016-10-01;ES;1351;85988;15.1416
2016-11-01;ES;1415;90060;15.1416
2016-12-01;ES;1391;88525;15.1416
2017-01-01;ES;1120;90123;14.0941
2017-02-01;ES;1292;103938;14.0941
2017-03-01;ES;1680;135167;14.0941
2017-04-01;ES;1182;95157;14.0941
2017-05-01;ES;1574;126646;14.0941
2017-06-01;ES;1701;136906;14.0941
2017-07-01;ES;1406;113109;14.0941
2017-08-01;ES;861;69281;14.0941
2017-09-01;ES;991;79751;14.0941
2017-10-01;ES;1150;92579;14.0941
2017-11-01;ES;1205;96963;14.0941
2017-12-01;ES;1184;95311;14.0941
2018-01-01;ES;1229;99845;13.755
2018-02-01;ES;1338;108728;13.755
2018-03-01;ES;1585;128841;13.755
2018-04-01;ES;1458;118487;13.755
2018-05-01;ES;1645;133723;13.755
2018-06-01;ES;1709;138883;13.755
2018-07-01;ES;1545;125559;13.755
2018-08-01;ES;903;73361;13.755
2018-09-01;ES;995;80878;13.755
2018-10-01;ES;1255;102018;13.755
2018-11-01;ES;1270;103194;13.755
2018-12-01;ES;1328;107920;13.755
2019-01-01;ES;1112;95383;12.3282
2019-02-01;ES;1207;103548;12.3282
2019-03-01;ES;1426;122356;12.3282
2019-04-01;ES;1328;113903;12.3282
2019-05-01;ES;1493;128106;12.3282
2019-06-01;ES;1480;127001;12.3282
2019-07-01;ES;1465;125710;12.3282
2019-08-01;ES;783;67155;12.3282
2019-09-01;ES;949;81424;12.3282
2019-10-01;ES;1188;101905;12.3282
2019-11-01;ES;1099;94263;12.3282
2019-12-01;ES;1149;98566;12.3282
2020-01-01;ES;1112;95383;12.3282
2020-02-01;ES;1207;103548;12.3282
2020-03-01;ES;1426;122356;12.3282
2020-04-01;ES;1328;113903;12.3282
2020-05-01;ES;1493;128106;12.3282
2020-06-01;ES;1480;127001;12.3282
2020-07-01;ES;1465;125710;12.3282
2020-08-01;ES;783;67155;12.3282
2020-09-01;ES;949;81424;12.3282
2020-10-01;ES;1188;101905;12.3282
2020-11-01;ES;1099;94263;12.3282
2020-12-01;ES;1149;98566;12.3282
2021-01-01;ES;0;77443;11.4753
2021-02-01;ES;0;76749;11.4753
2021-03-01;ES;0;103376;11.4753
2021-04-01;ES;0;95699;11.4753
2021-05-01;ES;0;98141;11.4753
2021-06-01;ES;0;93522;11.4753
2021-07-01;ES;0;95774;11.4753
2021-08-01;ES;0;73304;11.4753
2021-09-01;ES;0;86080;11.4753
2021-10-01;ES;0;88507;11.4753
2021-11-01;ES;0;84949;11.4753
2021-12-01;ES;0;76456;11.4753
2022-01-01;ES;0;89171;11.2493
2022-02-01;ES;0;88370;11.2493
2022-03-01;ES;0;119030;11.2493
2022-04-01;ES;0;110191;11.2493
2022-05-01;ES;0;113002;11.2493
2022-06-01;ES;0;107684;11.2493
2022-07-01;ES;0;110277;11.2493
2022-08-01;ES;0;84404;11.2493
2022-09-01;ES;0;99115;11.2493
2022-10-01;ES;0;101910;11.2493
2022-11-01;ES;0;97813;11.2493
2022-12-01;ES;0;88034;11.2493
2023-01-01;ES;0;91014;10.2147
2023-02-01;ES;0;90198;10.2147
2023-03-01;ES;0;121492;10.2147
2023-04-01;ES;0;112470;10.2147
2023-05-01;ES;0;115339;10.2147
2023-06-01;ES;0;109910;10.2147
2023-07-01;ES;0;112557;10.2147
2023-08-01;ES;0;86150;10.2147
2023-09-01;ES;0;101164;10.2147
2023-10-01;ES;0;104017;10.2147
2023-11-01;ES;0;99835;10.2147
2023-12-01;ES;0;89854;10.2147
2024-01-01;ES;0;93153;10.814
2024-02-01;ES;0;92318;10.814
2024-03-01;ES;0;124347;10.814
2024-04-01;ES;0;115113;10.814
2024-05-01;ES;0;118049;10.814
2024-06-01;ES;0;112493;10.814
2024-07-01;ES;0;115202;10.814
2024-08-01;ES;0;88174;10.814
2024-09-01;ES;0;103541;10.814
2024-10-01;ES;0;106462;10.814
2024-11-01;ES;0;102181;10.814
2024-12-01;ES;0;91966;10.814
2025-01-01;ES;0;93743;10.5618
2025-02-01;ES;0;92902;10.5618
2025-03-01;ES;0;125134;10.5618
2025-04-01;ES;0;115842;10.5618
2025-05-01;ES;0;118797;10.5618
2025-06-01;ES;0;113206;10.5618
2025-07-01;ES;0;115932;10.5618
2025-08-01;ES;0;88733;10.5618
2025-09-01;ES;0;104197;10.5618
2025-10-01;ES;0;107136;10.5618
2025-11-01;ES;0;102829;10.5618
2025-12-01;ES;0;92548;10.5618
2026-01-01;ES;0;94333;10.3038
2026-02-01;ES;0;93487;10.3038
2026-03-01;ES;0;125922;10.3038
2026-04-01;ES;0;116571;10.3038
2026-05-01;ES;0;119545;10.3038
2026-06-01;ES;0;113919;10.3038
2026-07-01;ES;0;116662;10.3038
2026-08-01;ES;0;89291;10.3038
2026-09-01;ES;0;104853;10.3038
2026-10-01;ES;0;107810;10.3038
2026-11-01;ES;0;103476;10.3038
2026-12-01;ES;0;93131;10.3038
2027-01-01;ES;0;93153;10.2094
2027-02-01;ES;0;92318;10.2094
2027-03-01;ES;0;124347;10.2094
2027-04-01;ES;0;115113;10.2094
2027-05-01;ES;0;118049;10.2094
2027-06-01;ES;0;112493;10.2094
2027-07-01;ES;0;115202;10.2094
2027-08-01;ES;0;88174;10.2094
2027-09-01;ES;0;103541;10.2094
2027-10-01;ES;0;106462;10.2094
2027-11-01;ES;0;102181;10.2094
2027-12-01;ES;0;91966;10.2094
2008-01-01;FR;5249;152824;12.8103
2008-02-01;FR;5677;165300;12.8103
2008-03-01;FR;7956;231657;12.8103
2008-04-01;FR;5909;172057;12.8103
2008-05-01;FR;6481;188713;12.8103
2008-06-01;FR;8098;235802;12.8103
2008-07-01;FR;5028;146412;12.8103
2008-08-01;FR;3604;104941;12.8103
2008-09-01;FR;5759;167680;12.8103
2008-10-01;FR;5855;170471;12.8103
2008-11-01;FR;5963;173639;12.8103
2008-12-01;FR;6246;181872;12.8103
2009-01-01;FR;4631;168245;12.0877
2009-02-01;FR;5009;181979;12.0877
2009-03-01;FR;7020;255032;12.0877
2009-04-01;FR;5214;189418;12.0877
2009-05-01;FR;5719;207755;12.0877
2009-06-01;FR;7146;259596;12.0877
2009-07-01;FR;4437;161186;12.0877
2009-08-01;FR;3180;115530;12.0877
2009-09-01;FR;5082;184599;12.0877
2009-10-01;FR;5166;187672;12.0877
2009-11-01;FR;5262;191160;12.0877
2009-12-01;FR;5512;200224;12.0877
2010-01-01;FR;3326;164538;10.1129
2010-02-01;FR;3597;177970;10.1129
2010-03-01;FR;5041;249413;10.1129
2010-04-01;FR;3744;185245;10.1129
2010-05-01;FR;4107;203178;10.1129
2010-06-01;FR;5131;253876;10.1129
2010-07-01;FR;3186;157635;10.1129
2010-08-01;FR;2284;112984;10.1129
2010-09-01;FR;3649;180532;10.1129
2010-10-01;FR;3710;183537;10.1129
2010-11-01;FR;3779;186948;10.1129
2010-12-01;FR;3958;195813;10.1129
2011-01-01;FR;3288;161071;10.8961
2011-02-01;FR;3557;174220;10.8961
2011-03-01;FR;4984;244158;10.8961
2011-04-01;FR;3702;181342;10.8961
2011-05-01;FR;4060;198897;10.8961
2011-06-01;FR;5074;248527;10.8961
2011-07-01;FR;3150;154314;10.8961
2011-08-01;FR;2258;110604;10.8961
2011-09-01;FR;3608;176729;10.8961
2011-10-01;FR;3668;179670;10.8961
2011-11-01;FR;3736;183010;10.8961
2011-12-01;FR;3913;191687;10.8961
2012-01-01;FR;2395;138750;10.4521
2012-02-01;FR;2591;150076;10.4521
2012-03-01;FR;3631;210322;10.4521
2012-04-01;FR;2697;156211;10.4521
2012-05-01;FR;2958;171333;10.4521
2012-06-01;FR;3696;214086;10.4521
2012-07-01;FR;2295;132928;10.4521
2012-08-01;FR;1645;95276;10.4521
2012-09-01;FR;2628;152237;10.4521
2012-10-01;FR;2672;154771;10.4521
2012-11-01;FR;2722;157648;10.4521
2012-12-01;FR;2851;165123;10.4521
2013-01-01;FR;2231;130835;10.5272
2013-02-01;FR;2414;141516;10.5272
2013-03-01;FR;3382;198325;10.5272
2013-04-01;FR;2512;147301;10.5272
2013-05-01;FR;2755;161561;10.5272
2013-06-01;FR;3443;201874;10.5272
2013-07-01;FR;2138;125346;10.5272
2013-08-01;FR;1532;89841;10.5272
2013-09-01;FR;2448;143553;10.5272
2013-10-01;FR;2489;145943;10.5272
2013-11-01;FR;2535;148655;10.5272
2013-12-01;FR;2656;155704;10.5272
2014-01-01;FR;3416;131232;10.0966
2014-02-01;FR;3695;141945;10.0966
2014-03-01;FR;5179;198927;10.0966
2014-04-01;FR;3846;147747;10.0966
2014-05-01;FR;4219;162050;10.0966
2014-06-01;FR;5271;202486;10.0966
2014-07-01;FR;3273;125726;10.0966
2014-08-01;FR;2346;90114;10.0966
2014-09-01;FR;3749;143989;10.0966
2014-10-01;FR;3811;146385;10.0966
2014-11-01;FR;3882;149106;10.0966
2014-12-01;FR;4066;156176;10.0966
2015-01-01;FR;3724;140099;9.7998
2015-02-01;FR;4028;151536;9.7998
2015-03-01;FR;5645;212367;9.7998
2015-04-01;FR;4192;157730;9.7998
2015-05-01;FR;4598;173000;9.7998
2015-06-01;FR;5746;216168;9.7998
2015-07-01;FR;3567;134221;9.7998
2015-08-01;FR;2557;96202;9.7998
2015-09-01;FR;4086;153718;9.7998
2015-10-01;FR;4154;156276;9.7998
2015-11-01;FR;4231;159181;9.7998
2015-12-01;FR;4431;166728;9.7998
2016-01-01;FR;3819;147257;10.2072
2016-02-01;FR;4130;159278;10.2072
2016-03-01;FR;5788;223217;10.2072
2016-04-01;FR;4299;165788;10.2072
2016-05-01;FR;4715;181838;10.2072
2016-06-01;FR;5892;227212;10.2072
2016-07-01;FR;3658;141079;10.2072
2016-08-01;FR;2622;101117;10.2072
2016-09-01;FR;4190;161571;10.2072
2016-10-01;FR;4259;164260;10.2072
2016-11-01;FR;4339;167313;10.2072
2016-12-01;FR;4544;175247;10.2072
2017-01-01;FR;3467;154240;8.9671
2017-02-01;FR;3750;166832;8.9671
2017-03-01;FR;5256;233803;8.9671
2017-04-01;FR;3904;173651;8.9671
2017-05-01;FR;4281;190462;8.9671
2017-06-01;FR;5350;237987;8.9671
2017-07-01;FR;3322;147769;8.9671
2017-08-01;FR;2381;105913;8.9671
2017-09-01;FR;3804;169234;8.9671
2017-10-01;FR;3868;172050;8.9671
2017-11-01;FR;3939;175248;8.9671
2017-12-01;FR;4126;183558;8.9671
2018-01-01;FR;3308;158376;8.5511
2018-02-01;FR;3583;171514;8.5511
2018-03-01;FR;4815;230511;8.5511
2018-04-01;FR;3904;186896;8.5511
2018-05-01;FR;3893;186380;8.5511
2018-06-01;FR;5113;244768;8.5511
2018-07-01;FR;3488;166982;8.5511
2018-08-01;FR;2275;108923;8.5511
2018-09-01;FR;3456;165428;8.5511
2018-10-01;FR;3834;183542;8.5511
2018-11-01;FR;3769;180405;8.5511
2018-12-01;FR;3964;189756;8.5511
2019-01-01;FR;2966;162144;7.5167
2019-02-01;FR;3208;175368;7.5167
2019-03-01;FR;4123;225431;7.5167
2019-04-01;FR;3668;200545;7.5167
2019-05-01;FR;3678;201093;7.5167
2019-06-01;FR;4152;226992;7.5167
2019-07-01;FR;3276;179088;7.5167
2019-08-01;FR;1950;106638;7.5167
2019-09-01;FR;3246;177493;7.5167
2019-10-01;FR;3430;187524;7.5167
2019-11-01;FR;3062;167423;7.5167
2019-12-01;FR;3741;204540;7.5167
2020-01-01;FR;2966;162144;7.5167
2020-02-01;FR;3208;175368;7.5167
2020-03-01;FR;4123;225431;7.5167
2020-04-01;FR;3668;200545;7.5167
2020-05-01;FR;3678;201093;7.5167
2020-06-01;FR;4152;226992;7.5167
2020-07-01;FR;3276;179088;7.5167
2020-08-01;FR;1950;106638;7.5167
2020-09-01;FR;3246;177493;7.5167
2020-10-01;FR;3430;187524;7.5167
2020-11-01;FR;3062;167423;7.5167
2020-12-01;FR;3741;204540;7.5167
2021-01-01;FR;0;132540;8.2972
2021-02-01;FR;0;143350;8.2972
2021-03-01;FR;0;184272;8.2972
2021-04-01;FR;0;163930;8.2972
2021-05-01;FR;0;164378;8.2972
2021-06-01;FR;0;185548;8.2972
2021-07-01;FR;0;146390;8.2972
2021-08-01;FR;0;87168;8.2972
2021-09-01;FR;0;145086;8.2972
2021-10-01;FR;0;153287;8.2972
2021-11-01;FR;0;136855;8.2972
2021-12-01;FR;0;167195;8.2972
2022-01-01;FR;0;136714;8.4359
2022-02-01;FR;0;147864;8.4359
2022-03-01;FR;0;190075;8.4359
2022-04-01;FR;0;169093;8.4359
2022-05-01;FR;0;169555;8.4359
2022-06-01;FR;0;191391;8.4359
2022-07-01;FR;0;151000;8.4359
2022-08-01;FR;0;89913;8.4359
2022-09-01;FR;0;149655;8.4359
2022-10-01;FR;0;158114;8.4359
2022-11-01;FR;0;141165;8.4359
2022-12-01;FR;0;172461;8.4359
2023-01-01;FR;0;137293;8.4254
2023-02-01;FR;0;148490;8.4254
2023-03-01;FR;0;190879;8.4254
2023-04-01;FR;0;169808;8.4254
2023-05-01;FR;0;170272;8.4254
2023-06-01;FR;0;192201;8.4254
2023-07-01;FR;0;151639;8.4254
2023-08-01;FR;0;90294;8.4254
2023-09-01;FR;0;150289;8.4254
2023-10-01;FR;0;158783;8.4254
2023-11-01;FR;0;141763;8.4254
2023-12-01;FR;0;173190;8.4254
2024-01-01;FR;0;138142;7.9441
2024-02-01;FR;0;149408;7.9441
2024-03-01;FR;0;192060;7.9441
2024-04-01;FR;0;170859;7.9441
2024-05-01;FR;0;171326;7.9441
2024-06-01;FR;0;193390;7.9441
2024-07-01;FR;0;152578;7.9441
2024-08-01;FR;0;90852;7.9441
2024-09-01;FR;0;151218;7.9441
2024-10-01;FR;0;159765;7.9441
2024-11-01;FR;0;142640;7.9441
2024-12-01;FR;0;174262;7.9441
2025-01-01;FR;0;133156;7.6353
2025-02-01;FR;0;144015;7.6353
2025-03-01;FR;0;185127;7.6353
2025-04-01;FR;0;164691;7.6353
2025-05-01;FR;0;165141;7.6353
2025-06-01;FR;0;186409;7.6353
2025-07-01;FR;0;147070;7.6353
2025-08-01;FR;0;87573;7.6353
2025-09-01;FR;0;145760;7.6353
2025-10-01;FR;0;153998;7.6353
2025-11-01;FR;0;137491;7.6353
2025-12-01;FR;0;167971;7.6353
2026-01-01;FR;0;134759;7.3102
2026-02-01;FR;0;145749;7.3102
2026-03-01;FR;0;187357;7.3102
2026-04-01;FR;0;166675;7.3102
2026-05-01;FR;0;167130;7.3102
2026-06-01;FR;0;188654;7.3102
2026-07-01;FR;0;148841;7.3102
2026-08-01;FR;0;88627;7.3102
2026-09-01;FR;0;147515;7.3102
2026-10-01;FR;0;155853;7.3102
2026-11-01;FR;0;139146;7.3102
2026-12-01;FR;0;169994;7.3102
2027-01-01;FR;0;135045;7.8051
2027-02-01;FR;0;146058;7.8051
2027-03-01;FR;0;187754;7.8051
2027-04-01;FR;0;167028;7.8051
2027-05-01;FR;0;167484;7.8051
2027-06-01;FR;0;189054;7.8051
2027-07-01;FR;0;149156;7.8051
2027-08-01;FR;0;88815;7.8051
2027-09-01;FR;0;147828;7.8051
2027-10-01;FR;0;156183;7.8051
2027-11-01;FR;0;139441;7.8051
2027-12-01;FR;0;170354;7.8051
2008-01-01;GB;1698;136484;17.909
2008-02-01;GB;801;64419;17.909
2008-03-01;GB;5482;440603;17.909
2008-04-01;GB;1691;135917;17.909
2008-05-01;GB;2107;169367;17.909
2008-06-01;GB;2601;209036;17.909
2008-07-01;GB;1733;139260;17.909
2008-08-01;GB;790;63501;17.909
2008-09-01;GB;4483;360339;17.909
2008-10-01;GB;1722;138399;17.909
2008-11-01;GB;1783;143299;17.909
2008-12-01;GB;1632;131171;17.909
2009-01-01;GB;1291;127726;16.892
2009-02-01;GB;609;60286;16.892
2009-03-01;GB;4166;412330;16.892
2009-04-01;GB;1285;127195;16.892
2009-05-01;GB;1602;158498;16.892
2009-06-01;GB;1977;195622;16.892
2009-07-01;GB;1317;130324;16.892
2009-08-01;GB;600;59426;16.892
2009-09-01;GB;3407;337216;16.892
2009-10-01;GB;1309;129518;16.892
2009-11-01;GB;1355;134104;16.892
2009-12-01;GB;1240;122754;16.892
2010-01-01;GB;1050;130021;16.5006
2010-02-01;GB;495;61369;16.5006
2010-03-01;GB;3388;419739;16.5006
2010-04-01;GB;1045;129481;16.5006
2010-05-01;GB;1302;161346;16.5006
2010-06-01;GB;1608;199137;16.5006
2010-07-01;GB;1071;132666;16.5006
2010-08-01;GB;488;60494;16.5006
2010-09-01;GB;2771;343276;16.5006
2010-10-01;GB;1064;131845;16.5006
2010-11-01;GB;1102;136514;16.5006
2010-12-01;GB;1009;124959;16.5006
2011-01-01;GB;712;124285;13.0582
2011-02-01;GB;336;58661;13.0582
2011-03-01;GB;2299;401221;13.0582
2011-04-01;GB;709;123769;13.0582
2011-05-01;GB;884;154228;13.0582
2011-06-01;GB;1090;190352;13.0582
2011-07-01;GB;726;126813;13.0582
2011-08-01;GB;331;57825;13.0582
2011-09-01;GB;1880;328132;13.0582
2011-10-01;GB;722;126029;13.0582
2011-11-01;GB;748;130491;13.0582
2011-12-01;GB;684;119447;13.0582
2012-01-01;GB;689;130902;12.0178
2012-02-01;GB;325;61785;12.0178
2012-03-01;GB;2224;422583;12.0178
2012-04-01;GB;686;130358;12.0178
2012-05-01;GB;855;162440;12.0178
2012-06-01;GB;1055;200487;12.0178
2012-07-01;GB;703;133565;12.0178
2012-08-01;GB;321;60904;12.0178
2012-09-01;GB;1819;345602;12.0178
2012-10-01;GB;699;132739;12.0178
2012-11-01;GB;723;137439;12.0178
2012-12-01;GB;662;125806;12.0178
2013-01-01;GB;693;144995;13.2871
2013-02-01;GB;327;68437;13.2871
2013-03-01;GB;2239;468080;13.2871
2013-04-01;GB;691;144393;13.2871
2013-05-01;GB;860;179928;13.2871
2013-06-01;GB;1062;222072;13.2871
2013-07-01;GB;708;147945;13.2871
2013-08-01;GB;323;67461;13.2871
2013-09-01;GB;1831;382810;13.2871
2013-10-01;GB;703;147030;13.2871
2013-11-01;GB;728;152236;13.2871
2013-12-01;GB;666;139351;13.2871
2014-01-01;GB;742;158549;12.1111
2014-02-01;GB;350;74834;12.1111
2014-03-01;GB;2396;511834;12.1111
2014-04-01;GB;739;157890;12.1111
2014-05-01;GB;921;196747;12.1111
2014-06-01;GB;1137;242830;12.1111
2014-07-01;GB;757;161774;12.1111
2014-08-01;GB;345;73767;12.1111
2014-09-01;GB;1959;418594;12.1111
2014-10-01;GB;753;160774;12.1111
2014-11-01;GB;779;166466;12.1111
2014-12-01;GB;713;152377;12.1111
2015-01-01;GB;751;168605;12.067
2015-02-01;GB;354;79580;12.067
2015-03-01;GB;2423;544297;12.067
2015-04-01;GB;747;167904;12.067
2015-05-01;GB;931;209226;12.067
2015-06-01;GB;1150;258232;12.067
2015-07-01;GB;766;172034;12.067
2015-08-01;GB;349;78445;12.067
2015-09-01;GB;1982;445143;12.067
2015-10-01;GB;761;170971;12.067
2015-11-01;GB;788;177024;12.067
2015-12-01;GB;721;162041;12.067
2016-01-01;GB;746;172400;11.3926
2016-02-01;GB;352;81372;11.3926
2016-03-01;GB;2409;556549;11.3926
2016-04-01;GB;743;171684;11.3926
2016-05-01;GB;926;213936;11.3926
2016-06-01;GB;1143;264045;11.3926
2016-07-01;GB;761;175907;11.3926
2016-08-01;GB;347;80211;11.3926
2016-09-01;GB;1970;455164;11.3926
2016-10-01;GB;757;174820;11.3926
2016-11-01;GB;784;181009;11.3926
2016-12-01;GB;717;165689;11.3926
2017-01-01;GB;480;162658;10.7679
2017-02-01;GB;227;76773;10.7679
2017-03-01;GB;1551;525099;10.7679
2017-04-01;GB;478;161982;10.7679
2017-05-01;GB;596;201847;10.7679
2017-06-01;GB;736;249123;10.7679
2017-07-01;GB;490;165967;10.7679
2017-08-01;GB;224;75678;10.7679
2017-09-01;GB;1268;429443;10.7679
2017-10-01;GB;487;164941;10.7679
2017-11-01;GB;504;170780;10.7679
2017-12-01;GB;462;156326;10.7679
2018-01-01;GB;448;161502;9.5607
2018-02-01;GB;207;74572;9.5607
2018-03-01;GB;1283;462409;9.5607
2018-04-01;GB;453;163343;9.5607
2018-05-01;GB;525;189360;9.5607
2018-06-01;GB;639;230347;9.5607
2018-07-01;GB;444;159973;9.5607
2018-08-01;GB;201;72538;9.5607
2018-09-01;GB;1066;384317;9.5607
2018-10-01;GB;447;161300;9.5607
2018-11-01;GB;443;159873;9.5607
2018-12-01;GB;409;147615;9.5607
2019-01-01;GB;249;157740;8.3741
2019-02-01;GB;115;72838;8.3741
2019-03-01;GB;712;451995;8.3741
2019-04-01;GB;250;158869;8.3741
2019-05-01;GB;290;184178;8.3741
2019-06-01;GB;340;215531;8.3741
2019-07-01;GB;256;162495;8.3741
2019-08-01;GB;108;68777;8.3741
2019-09-01;GB;604;383062;8.3741
2019-10-01;GB;247;156797;8.3741
2019-11-01;GB;240;151998;8.3741
2019-12-01;GB;231;146861;8.3741
2020-01-01;GB;249;157740;8.3741
2020-02-01;GB;115;72838;8.3741
2020-03-01;GB;712;451995;8.3741
2020-04-01;GB;250;158869;8.3741
2020-05-01;GB;290;184178;8.3741
2020-06-01;GB;340;215531;8.3741
2020-07-01;GB;256;162495;8.3741
2020-08-01;GB;108;68777;8.3741
2020-09-01;GB;604;383062;8.3741
2020-10-01;GB;247;156797;8.3741
2020-11-01;GB;240;151998;8.3741
2020-12-01;GB;231;146861;8.3741
2021-01-01;GB;0;136568;7.9619
2021-02-01;GB;0;147706;7.9619
2021-03-01;GB;0;189871;7.9619
2021-04-01;GB;0;168912;7.9619
2021-05-01;GB;0;169373;7.9619
2021-06-01;GB;0;191186;7.9619
2021-07-01;GB;0;150839;7.9619
2021-08-01;GB;0;89817;7.9619
2021-09-01;GB;0;149495;7.9619
2021-10-01;GB;0;157944;7.9619
2021-11-01;GB;0;141014;7.9619
2021-12-01;GB;0;172276;7.9619
2022-01-01;GB;0;161685;8.4204
2022-02-01;GB;0;174871;8.4204
2022-03-01;GB;0;224791;8.4204
2022-04-01;GB;0;199977;8.4204
2022-05-01;GB;0;200523;8.4204
2022-06-01;GB;0;226348;8.4204
2022-07-01;GB;0;178580;8.4204
2022-08-01;GB;0;106335;8.4204
2022-09-01;GB;0;176989;8.4204
2022-10-01;GB;0;186993;8.4204
2022-11-01;GB;0;166948;8.4204
2022-12-01;GB;0;203960;8.4204
2023-01-01;GB;0;165639;8.1629
2023-02-01;GB;0;179147;8.1629
2023-03-01;GB;0;230289;8.1629
2023-04-01;GB;0;204868;8.1629
2023-05-01;GB;0;205427;8.1629
2023-06-01;GB;0;231884;8.1629
2023-07-01;GB;0;182947;8.1629
2023-08-01;GB;0;108936;8.1629
2023-09-01;GB;0;181318;8.1629
2023-10-01;GB;0;191566;8.1629
2023-11-01;GB;0;171031;8.1629
2023-12-01;GB;0;208948;8.1629
2024-01-01;GB;0;169813;7.5522
2024-02-01;GB;0;183662;7.5522
2024-03-01;GB;0;236092;7.5522
2024-04-01;GB;0;210030;7.5522
2024-05-01;GB;0;210604;7.5522
2024-06-01;GB;0;237727;7.5522
2024-07-01;GB;0;187557;7.5522
2024-08-01;GB;0;111681;7.5522
2024-09-01;GB;0;185887;7.5522
2024-10-01;GB;0;196393;7.5522
2024-11-01;GB;0;175341;7.5522
2024-12-01;GB;0;214213;7.5522
2025-01-01;GB;0;167177;7.6698
2025-02-01;GB;0;180811;7.6698
2025-03-01;GB;0;232427;7.6698
2025-04-01;GB;0;206769;7.6698
2025-05-01;GB;0;207334;7.6698
2025-06-01;GB;0;234037;7.6698
2025-07-01;GB;0;184646;7.6698
2025-08-01;GB;0;109947;7.6698
2025-09-01;GB;0;183001;7.6698
2025-10-01;GB;0;193344;7.6698
2025-11-01;GB;0;172619;7.6698
2025-12-01;GB;0;210888;7.6698
2026-01-01;GB;0;171058;7.3953
2026-02-01;GB;0;185008;7.3953
2026-03-01;GB;0;237823;7.3953
2026-04-01;GB;0;211570;7.3953
2026-05-01;GB;0;212148;7.3953
2026-06-01;GB;0;239470;7.3953
2026-07-01;GB;0;188932;7.3953
2026-08-01;GB;0;112500;7.3953
2026-09-01;GB;0;187249;7.3953
2026-10-01;GB;0;197833;7.3953
2026-11-01;GB;0;176627;7.3953
2026-12-01;GB;0;215783;7.3953
2027-01-01;GB;0;169813;7.1391
2027-02-01;GB;0;183662;7.1391
2027-03-01;GB;0;236092;7.1391
2027-04-01;GB;0;210030;7.1391
2027-05-01;GB;0;210604;7.1391
2027-06-01;GB;0;237727;7.1391
2027-07-01;GB;0;187557;7.1391
2027-08-01;GB;0;111681;7.1391
2027-09-01;GB;0;185887;7.1391
2027-10-01;GB;0;196393;7.1391
2027-11-01;GB;0;175341;7.1391
2027-12-01;GB;0;214213;7.1391
2008-01-01;IT;1122;191021;7.909
2008-02-01;IT;1197;203676;7.909
2008-03-01;IT;1463;248986;7.909
2008-04-01;IT;1070;182115;7.909
2008-05-01;IT;1338;227716;7.909
2008-06-01;IT;1205;205094;7.909
2008-07-01;IT;955;162510;7.909
2008-08-01;IT;520;88476;7.909
2008-09-01;IT;1022;173961;7.909
2008-10-01;IT;1035;176200;7.909
2008-11-01;IT;1008;171652;7.909
2008-12-01;IT;768;130728;7.909
2009-01-01;IT;890;190764;7.8625
2009-02-01;IT;949;203402;7.8625
2009-03-01;IT;1160;248651;7.8625
2009-04-01;IT;848;181870;7.8625
2009-05-01;IT;1061;227410;7.8625
2009-06-01;IT;955;204818;7.8625
2009-07-01;IT;757;162292;7.8625
2009-08-01;IT;412;88357;7.8625
2009-09-01;IT;810;173727;7.8625
2009-10-01;IT;821;175963;7.8625
2009-11-01;IT;799;171421;7.8625
2009-12-01;IT;609;130553;7.8625
2010-01-01;IT;595;173293;7.0133
2010-02-01;IT;634;184773;7.0133
2010-03-01;IT;775;225879;7.0133
2010-04-01;IT;567;165214;7.0133
2010-05-01;IT;709;206582;7.0133
2010-06-01;IT;639;186060;7.0133
2010-07-01;IT;506;147428;7.0133
2010-08-01;IT;275;80265;7.0133
2010-09-01;IT;542;157816;7.0133
2010-10-01;IT;549;159847;7.0133
2010-11-01;IT;534;155721;7.0133
2010-12-01;IT;407;118596;7.0133
2011-01-01;IT;539;154520;6.8548
2011-02-01;IT;575;164756;6.8548
2011-03-01;IT;703;201409;6.8548
2011-04-01;IT;514;147315;6.8548
2011-05-01;IT;643;184203;6.8548
2011-06-01;IT;579;165904;6.8548
2011-07-01;IT;459;131457;6.8548
2011-08-01;IT;250;71570;6.8548
2011-09-01;IT;491;140719;6.8548
2011-10-01;IT;497;142530;6.8548
2011-11-01;IT;485;138852;6.8548
2011-12-01;IT;369;105748;6.8548
2012-01-01;IT;386;123940;5.8154
2012-02-01;IT;412;132150;5.8154
2012-03-01;IT;503;161549;5.8154
2012-04-01;IT;368;118161;5.8154
2012-05-01;IT;460;147748;5.8154
2012-06-01;IT;415;133070;5.8154
2012-07-01;IT;328;105441;5.8154
2012-08-01;IT;179;57406;5.8154
2012-09-01;IT;352;112870;5.8154
2012-10-01;IT;356;114323;5.8154
2012-11-01;IT;347;111372;5.8154
2012-12-01;IT;264;84820;5.8154
2013-01-01;IT;240;115247;5.3759
2013-02-01;IT;256;122881;5.3759
2013-03-01;IT;313;150218;5.3759
2013-04-01;IT;229;109873;5.3759
2013-05-01;IT;286;137385;5.3759
2013-06-01;IT;258;123737;5.3759
2013-07-01;IT;204;98045;5.3759
2013-08-01;IT;111;53379;5.3759
2013-09-01;IT;219;104954;5.3759
2013-10-01;IT;221;106304;5.3759
2013-11-01;IT;216;103561;5.3759
2013-12-01;IT;164;78871;5.3759
2014-01-01;IT;552;120194;4.7303
2014-02-01;IT;588;128156;4.7303
2014-03-01;IT;719;156666;4.7303
2014-04-01;IT;526;114590;4.7303
2014-05-01;IT;658;143283;4.7303
2014-06-01;IT;592;129049;4.7303
2014-07-01;IT;469;102254;4.7303
2014-08-01;IT;256;55671;4.7303
2014-09-01;IT;502;109459;4.7303
2014-10-01;IT;509;110868;4.7303
2014-11-01;IT;496;108006;4.7303
2014-12-01;IT;378;82256;4.7303
2015-01-01;IT;685;139203;4.4202
2015-02-01;IT;730;148425;4.4202
2015-03-01;IT;892;181444;4.4202
2015-04-01;IT;653;132713;4.4202
2015-05-01;IT;816;165944;4.4202
2015-06-01;IT;735;149458;4.4202
2015-07-01;IT;583;118426;4.4202
2015-08-01;IT;317;64475;4.4202
2015-09-01;IT;624;126771;4.4202
2015-10-01;IT;632;128402;4.4202
2015-11-01;IT;615;125088;4.4202
2015-12-01;IT;469;95266;4.4202
2016-01-01;IT;705;161290;5.0458
2016-02-01;IT;752;171975;5.0458
2016-03-01;IT;919;210233;5.0458
2016-04-01;IT;672;153770;5.0458
2016-05-01;IT;840;192273;5.0458
2016-06-01;IT;757;173172;5.0458
2016-07-01;IT;600;137216;5.0458
2016-08-01;IT;327;74705;5.0458
2016-09-01;IT;642;146885;5.0458
2016-10-01;IT;650;148775;5.0458
2016-11-01;IT;634;144935;5.0458
2016-12-01;IT;482;110381;5.0458
2017-01-01;IT;670;174153;5.2318
2017-02-01;IT;714;185690;5.2318
2017-03-01;IT;873;226999;5.2318
2017-04-01;IT;639;166033;5.2318
2017-05-01;IT;798;207607;5.2318
2017-06-01;IT;719;186983;5.2318
2017-07-01;IT;570;148159;5.2318
2017-08-01;IT;310;80663;5.2318
2017-09-01;IT;610;158599;5.2318
2017-10-01;IT;618;160640;5.2318
2017-11-01;IT;602;156494;5.2318
2017-12-01;IT;458;119184;5.2318
2018-01-01;IT;705;174219;4.6424
2018-02-01;IT;727;179501;4.6424
2018-03-01;IT;844;208549;4.6424
2018-04-01;IT;681;168319;4.6424
2018-05-01;IT;806;199055;4.6424
2018-06-01;IT;723;178700;4.6424
2018-07-01;IT;598;147647;4.6424
2018-08-01;IT;313;77429;4.6424
2018-09-01;IT;589;145510;4.6424
2018-10-01;IT;649;160371;4.6424
2018-11-01;IT;607;149875;4.6424
2018-12-01;IT;492;121463;4.6424
2019-01-01;IT;703;174412;4.3199
2019-02-01;IT;727;180518;4.3199
2019-03-01;IT;806;200093;4.3199
2019-04-01;IT;715;177470;4.3199
2019-05-01;IT;804;199407;4.3199
2019-06-01;IT;688;170659;4.3199
2019-07-01;IT;621;154066;4.3199
2019-08-01;IT;299;74285;4.3199
2019-09-01;IT;619;153718;4.3199
2019-10-01;IT;647;160575;4.3199
2019-11-01;IT;577;143138;4.3199
2019-12-01;IT;518;128524;4.3199
2020-01-01;IT;703;174412;4.3199
2020-02-01;IT;727;180518;4.3199
2020-03-01;IT;806;200093;4.3199
2020-04-01;IT;715;177470;4.3199
2020-05-01;IT;804;199407;4.3199
2020-06-01;IT;688;170659;4.3199
2020-07-01;IT;621;154066;4.3199
2020-08-01;IT;299;74285;4.3199
2020-09-01;IT;619;153718;4.3199
2020-10-01;IT;647;160575;4.3199
2020-11-01;IT;577;143138;4.3199
2020-12-01;IT;518;128524;4.3199
2021-01-01;IT;0;109840;4.468
2021-02-01;IT;0;118798;4.468
2021-03-01;IT;0;152712;4.468
2021-04-01;IT;0;135854;4.468
2021-05-01;IT;0;136225;4.468
2021-06-01;IT;0;153769;4.468
2021-07-01;IT;0;121318;4.468
2021-08-01;IT;0;72239;4.468
2021-09-01;IT;0;120237;4.468
2021-10-01;IT;0;127033;4.468
2021-11-01;IT;0;113416;4.468
2021-12-01;IT;0;138560;4.468
2022-01-01;IT;0;121117;4.5522
2022-02-01;IT;0;130995;4.5522
2022-03-01;IT;0;168390;4.5522
2022-04-01;IT;0;149801;4.5522
2022-05-01;IT;0;150211;4.5522
2022-06-01;IT;0;169556;4.5522
2022-07-01;IT;0;133773;4.5522
2022-08-01;IT;0;79655;4.5522
2022-09-01;IT;0;132582;4.5522
2022-10-01;IT;0;140075;4.5522
2022-11-01;IT;0;125060;4.5522
2022-12-01;IT;0;152785;4.5522
2023-01-01;IT;0;122874;4.6707
2023-02-01;IT;0;132895;4.6707
2023-03-01;IT;0;170833;4.6707
2023-04-01;IT;0;151975;4.6707
2023-05-01;IT;0;152390;4.6707
2023-06-01;IT;0;172016;4.6707
2023-07-01;IT;0;135714;4.6707
2023-08-01;IT;0;80811;4.6707
2023-09-01;IT;0;134505;4.6707
2023-10-01;IT;0;142108;4.6707
2023-11-01;IT;0;126875;4.6707
2023-12-01;IT;0;155002;4.6707
2024-01-01;IT;0;128074;5.0518
2024-02-01;IT;0;138519;5.0518
2024-03-01;IT;0;178062;5.0518
2024-04-01;IT;0;158406;5.0518
2024-05-01;IT;0;158838;5.0518
2024-06-01;IT;0;179295;5.0518
2024-07-01;IT;0;141457;5.0518
2024-08-01;IT;0;84230;5.0518
2024-09-01;IT;0;140197;5.0518
2024-10-01;IT;0;148120;5.0518
2024-11-01;IT;0;132243;5.0518
2024-12-01;IT;0;161560;5.0518
2025-01-01;IT;0;129977;4.8651
2025-02-01;IT;0;140578;4.8651
2025-03-01;IT;0;180709;4.8651
2025-04-01;IT;0;160760;4.8651
2025-05-01;IT;0;161199;4.8651
2025-06-01;IT;0;181960;4.8651
2025-07-01;IT;0;143560;4.8651
2025-08-01;IT;0;85483;4.8651
2025-09-01;IT;0;142281;4.8651
2025-10-01;IT;0;150322;4.8651
2025-11-01;IT;0;134209;4.8651
2025-12-01;IT;0;163962;4.8651
2026-01-01;IT;0;127707;4.7377
2026-02-01;IT;0;138123;4.7377
2026-03-01;IT;0;177553;4.7377
2026-04-01;IT;0;157953;4.7377
2026-05-01;IT;0;158384;4.7377
2026-06-01;IT;0;178782;4.7377
2026-07-01;IT;0;141052;4.7377
2026-08-01;IT;0;83990;4.7377
2026-09-01;IT;0;139796;4.7377
2026-10-01;IT;0;147697;4.7377
2026-11-01;IT;0;131865;4.7377
2026-12-01;IT;0;161099;4.7377
2027-01-01;IT;0;125071;4.9782
2027-02-01;IT;0;135271;4.9782
2027-03-01;IT;0;173888;4.9782
2027-04-01;IT;0;154692;4.9782
2027-05-01;IT;0;155115;4.9782
2027-06-01;IT;0;175092;4.9782
2027-07-01;IT;0;138141;4.9782
2027-08-01;IT;0;82256;4.9782
2027-09-01;IT;0;136910;4.9782
2027-10-01;IT;0;144648;4.9782
2027-11-01;IT;0;129143;4.9782
2027-12-01;IT;0;157773;4.9782
