Date;Country;Sales_C3;Market;SegmentMix
2007-01-01;DE;613;229458;16.2122
2007-02-01;DE;610;228112;16.2122
2007-03-01;DE;905;338540;16.2122
2007-04-01;DE;692;258861;16.2122
2007-05-01;DE;787;294356;16.2122
2007-06-01;DE;821;307115;16.2122
2007-07-01;DE;699;261660;16.2122
2007-08-01;DE;619;231551;16.2122
2007-09-01;DE;689;257777;16.2122
2007-10-01;DE;683;255513;16.2122
2007-11-01;DE;718;268788;16.2122
2007-12-01;DE;578;216433;16.2122
2008-01-01;DE;466;225222;14.418
2008-02-01;DE;464;223900;14.418
2008-03-01;DE;688;332289;14.418
2008-04-01;DE;526;254082;14.418
2008-05-01;DE;598;288921;14.418
2008-06-01;DE;624;301445;14.418
2008-07-01;DE;532;256829;14.418
2008-08-01;DE;471;227276;14.418
2008-09-01;DE;524;253018;14.418
2008-10-01;DE;519;250795;14.418
2008-11-01;DE;546;263825;14.418
2008-12-01;DE;440;212437;14.418
2009-01-01;DE;688;277491;21.159
2009-02-01;DE;684;275863;21.159
2009-03-01;DE;1016;409407;21.159
2009-04-01;DE;777;313049;21.159
2009-05-01;DE;883;355974;21.159
2009-06-01;DE;921;371404;21.159
2009-07-01;DE;785;316433;21.159
2009-08-01;DE;695;280022;21.159
2009-09-01;DE;773;311739;21.159
2009-10-01;DE;767;309000;21.159
2009-11-01;DE;806;325054;21.159
2009-12-01;DE;649;261739;21.159
2010-01-01;DE;660;212555;15.6086
2010-02-01;DE;657;211308;15.6086
2010-03-01;DE;974;313602;15.6086
2010-04-01;DE;745;239792;15.6086
2010-05-01;DE;847;272673;15.6086
2010-06-01;DE;884;284492;15.6086
2010-07-01;DE;753;242385;15.6086
2010-08-01;DE;666;214494;15.6086
2010-09-01;DE;742;238789;15.6086
2010-10-01;DE;735;236691;15.6086
2010-11-01;DE;774;248988;15.6086
2010-12-01;DE;623;200490;15.6086
2011-01-01;DE;512;231315;13.868
2011-02-01;DE;509;229957;13.868
2011-03-01;DE;755;341279;13.868
2011-04-01;DE;577;260955;13.868
2011-05-01;DE;657;296738;13.868
2011-06-01;DE;685;309600;13.868
2011-07-01;DE;584;263777;13.868
2011-08-01;DE;516;233425;13.868
2011-09-01;DE;575;259863;13.868
2011-10-01;DE;570;257580;13.868
2011-11-01;DE;600;270963;13.868
2011-12-01;DE;483;218184;13.868
2012-01-01;DE;453;224672;12.7713
2012-02-01;DE;451;223354;12.7713
2012-03-01;DE;669;331479;12.7713
2012-04-01;DE;511;253462;12.7713
2012-05-01;DE;581;288217;12.7713
2012-06-01;DE;607;300710;12.7713
2012-07-01;DE;517;256202;12.7713
2012-08-01;DE;457;226722;12.7713
2012-09-01;DE;509;252401;12.7713
2012-10-01;DE;505;250183;12.7713
2012-11-01;DE;531;263182;12.7713
2012-12-01;DE;427;211919;12.7713
2013-01-01;DE;348;215192;11.6496
2013-02-01;DE;346;213929;11.6496
2013-03-01;DE;514;317491;11.6496
2013-04-01;DE;393;242767;11.6496
2013-05-01;DE;447;276055;11.6496
2013-06-01;DE;466;288020;11.6496
2013-07-01;DE;397;245391;11.6496
2013-08-01;DE;351;217155;11.6496
2013-09-01;DE;391;241751;11.6496
2013-10-01;DE;388;239626;11.6496
2013-11-01;DE;408;252076;11.6496
2013-12-01;DE;328;202977;11.6496
2014-01-01;DE;555;221338;11.4574
2014-02-01;DE;552;220039;11.4574
2014-03-01;DE;819;326559;11.4574
2014-04-01;DE;626;249700;11.4574
2014-05-01;DE;712;283939;11.4574
2014-06-01;DE;743;296247;11.4574
2014-07-01;DE;633;252400;11.4574
2014-08-01;DE;560;223357;11.4574
2014-09-01;DE;624;248655;11.4574
2014-10-01;DE;618;246470;11.4574
2014-11-01;DE;650;259276;11.4574
2014-12-01;DE;524;208774;11.4574
2015-01-01;DE;392;233671;10.448
2015-02-01;DE;390;232300;10.448
2015-03-01;DE;579;344756;10.448
2015-04-01;DE;443;263614;10.448
2015-05-01;DE;503;299761;10.448
2015-06-01;DE;525;312754;10.448
2015-07-01;DE;447;266464;10.448
2015-08-01;DE;396;235803;10.448
2015-09-01;DE;441;262511;10.448
2015-10-01;DE;437;260204;10.448
2015-11-01;DE;460;273723;10.448
2015-12-01;DE;370;220407;10.448
2016-01-01;DE;520;244278;10.2891
2016-02-01;DE;517;242845;10.2891
2016-03-01;DE;767;360405;10.2891
2016-04-01;DE;587;275581;10.2891
2016-05-01;DE;667;313368;10.2891
2016-06-01;DE;696;326951;10.2891
2016-07-01;DE;593;278560;10.2891
2016-08-01;DE;525;246507;10.2891
2016-09-01;DE;584;274427;10.2891
2016-10-01;DE;579;272016;10.2891
2016-11-01;DE;609;286149;10.2891
2016-12-01;DE;491;230412;10.2891
2017-01-01;DE;1052;250810;10.4077
2017-02-01;DE;1046;249339;10.4077
2017-03-01;DE;1552;370043;10.4077
2017-04-01;DE;1187;282949;10.4077
2017-05-01;DE;1350;321747;10.4077
2017-06-01;DE;1408;335694;10.4077
2017-07-01;DE;1200;286009;10.4077
2017-08-01;DE;1062;253098;10.4077
2017-09-01;DE;1182;281765;10.4077
2017-10-01;DE;1172;279289;10.4077
2017-11-01;DE;1233;293800;10.4077
2017-12-01;DE;992;236573;10.4077
2018-01-01;DE;914;252561;10.1503
2018-02-01;DE;907;250471;10.1503
2018-03-01;DE;1223;337928;10.1503
2018-04-01;DE;1134;313325;10.1503
2018-05-01;DE;1107;305688;10.1503
2018-06-01;DE;1220;337033;10.1503
2018-07-01;DE;1085;299741;10.1503
2018-08-01;DE;910;251398;10.1503
2018-09-01;DE;971;268239;10.1503
2018-10-01;DE;1051;290251;10.1503
2018-11-01;DE;1056;291823;10.1503
2018-12-01;DE;859;237195;10.1503
2019-01-01;DE;730;266047;9.3619
2019-02-01;DE;724;263660;9.3619
2019-03-01;DE;975;355136;9.3619
2019-04-01;DE;903;328763;9.3619
2019-05-01;DE;926;337150;9.3619
2019-06-01;DE;882;321282;9.3619
2019-07-01;DE;903;329019;9.3619
2019-08-01;DE;691;251826;9.3619
2019-09-01;DE;812;295715;9.3619
2019-10-01;DE;835;304055;9.3619
2019-11-01;DE;801;291831;9.3619
2019-12-01;DE;721;262656;9.3619
2020-01-01;DE;730;266047;9.3619
2020-02-01;DE;724;263660;9.3619
2020-03-01;DE;975;355136;9.3619
2020-04-01;DE;903;328763;9.3619
2020-05-01;DE;926;337150;9.3619
2020-06-01;DE;882;321282;9.3619
2020-07-01;DE;903;329019;9.3619
2020-08-01;DE;691;251826;9.3619
2020-09-01;DE;812;295715;9.3619
2020-10-01;DE;835;304055;9.3619
2020-11-01;DE;801;291831;9.3619
2020-12-01;DE;721;262656;9.3619
2021-01-01;DE;0;219680;9.0231
2021-02-01;DE;0;237596;9.0231
2021-03-01;DE;0;305423;9.0231
2021-04-01;DE;0;271708;9.0231
2021-05-01;DE;0;272450;9.0231
2021-06-01;DE;0;307538;9.0231
2021-07-01;DE;0;242636;9.0231
2021-08-01;DE;0;144478;9.0231
2021-09-01;DE;0;240475;9.0231
2021-10-01;DE;0;254066;9.0231
2021-11-01;DE;0;226832;9.0231
2021-12-01;DE;0;277119;9.0231
2022-01-01;DE;0;232422;9.8397
2022-02-01;DE;0;251377;9.8397
2022-03-01;DE;0;323138;9.8397
2022-04-01;DE;0;287467;9.8397
2022-05-01;DE;0;288252;9.8397
2022-06-01;DE;0;325375;9.8397
2022-07-01;DE;0;256709;9.8397
2022-08-01;DE;0;152857;9.8397
2022-09-01;DE;0;254422;9.8397
2022-10-01;DE;0;268802;9.8397
2022-11-01;DE;0;239988;9.8397
2022-12-01;DE;0;293192;9.8397
2023-01-01;DE;0;234399;9.655
2023-02-01;DE;0;253515;9.655
2023-03-01;DE;0;325887;9.655
2023-04-01;DE;0;289912;9.655
2023-05-01;DE;0;290704;9.655
2023-06-01;DE;0;328143;9.655
2023-07-01;DE;0;258892;9.655
2023-08-01;DE;0;154158;9.655
2023-09-01;DE;0;256586;9.655
2023-10-01;DE;0;271088;9.655
2023-11-01;DE;0;242030;9.655
2023-12-01;DE;0;295686;9.655
2024-01-01;DE;0;237474;9.8579
2024-02-01;DE;0;256841;9.8579
2024-03-01;DE;0;330162;9.8579
2024-04-01;DE;0;293716;9.8579
2024-05-01;DE;0;294518;9.8579
2024-06-01;DE;0;332449;9.8579
2024-07-01;DE;0;262289;9.8579
2024-08-01;DE;0;156180;9.8579
2024-09-01;DE;0;259953;9.8579
2024-10-01;DE;0;274645;9.8579
2024-11-01;DE;0;245206;9.8579
2024-12-01;DE;0;299566;9.8579
2025-01-01;DE;0;228687;10.1637
2025-02-01;DE;0;247338;10.1637
2025-03-01;DE;0;317946;10.1637
2025-04-01;DE;0;282848;10.1637
2025-05-01;DE;0;283620;10.1637
2025-06-01;DE;0;320147;10.1637
2025-07-01;DE;0;252584;10.1637
2025-08-01;DE;0;150401;10.1637
2025-09-01;DE;0;250334;10.1637
2025-10-01;DE;0;264483;10.1637
2025-11-01;DE;0;236132;10.1637
2025-12-01;DE;0;288481;10.1637
2026-01-01;DE;0;229200;10.4204
2026-02-01;DE;0;247892;10.4204
2026-03-01;DE;0;318658;10.4204
2026-04-01;DE;0;283482;10.4204
2026-05-01;DE;0;284256;10.4204
2026-06-01;DE;0;320865;10.4204
2026-07-01;DE;0;253150;10.4204
2026-08-01;DE;0;150738;10.4204
2026-09-01;DE;0;250895;10.4204
2026-10-01;DE;0;265076;10.4204
2026-11-01;DE;0;236662;10.4204
2026-12-01;DE;0;289128;10.4204
2027-01-01;DE;0;225392;9.8554
2027-02-01;DE;0;243774;9.8554
2027-03-01;DE;0;313364;9.8554
2027-04-01;DE;0;278772;9.8554
2027-05-01;DE;0;279533;9.8554
2027-06-01;DE;0;315534;9.8554
2027-07-01;DE;0;248944;9.8554
2027-08-01;DE;0;148234;9.8554
2027-09-01;DE;0;246727;9.8554
2027-10-01;DE;0;260672;9.8554
2027-11-01;DE;0;232730;9.8554
2027-12-01;DE;0;284324;9.8554
2007-01-01;ES;2277;117847;22.7234
2007-02-01;ES;2626;135913;22.7234
2007-03-01;ES;3415;176748;22.7234
2007-04-01;ES;2404;124430;22.7234
2007-05-01;ES;3200;165606;22.7234
2007-06-01;ES;3459;179023;22.7234
2007-07-01;ES;2858;147905;22.7234
2007-08-01;ES;1750;90594;22.7234
2007-09-01;ES;2015;104285;22.7234
2007-10-01;ES;2339;121060;22.7234
2007-11-01;ES;2450;126792;22.7234
2007-12-01;ES;2408;124631;22.7234
2008-01-01;ES;1239;84740;22.683
2008-02-01;ES;1429;97730;22.683
2008-03-01;ES;1858;127094;22.683
2008-04-01;ES;1308;89474;22.683
2008-05-01;ES;1741;119082;22.683
2008-06-01;ES;1882;128730;22.683
2008-07-01;ES;1555;106354;22.683
2008-08-01;ES;952;65143;22.683
2008-09-01;ES;1096;74988;22.683
2008-10-01;ES;1272;87050;22.683
2008-11-01;ES;1333;91172;22.683
2008-12-01;ES;1310;89618;22.683
2009-01-01;ES;1041;69532;22.8942
2009-02-01;ES;1201;80191;22.8942
2009-03-01;ES;1561;104285;22.8942
2009-04-01;ES;1099;73416;22.8942
2009-05-01;ES;1463;97711;22.8942
2009-06-01;ES;1581;105627;22.8942
2009-07-01;ES;1307;87267;22.8942
2009-08-01;ES;800;53452;22.8942
2009-09-01;ES;921;61530;22.8942
2009-10-01;ES;1069;71427;22.8942
2009-11-01;ES;1120;74810;22.8942
2009-12-01;ES;1101;73535;22.8942
2010-01-01;ES;1229;71666;22.9214
2010-02-01;ES;1417;82652;22.9214
2010-03-01;ES;1843;107485;22.9214
2010-04-01;ES;1298;75670;22.9214
2010-05-01;ES;1727;100710;22.9214
2010-06-01;ES;1867;108869;22.9214
2010-07-01;ES;1542;89945;22.9214
2010-08-01;ES;945;55093;22.9214
2010-09-01;ES;1087;63419;22.9214
2010-10-01;ES;1262;73620;22.9214
2010-11-01;ES;1322;77106;22.9214
2010-12-01;ES;1300;75792;22.9214
2011-01-01;ES;845;58970;20.7894
2011-02-01;ES;975;68010;20.7894
2011-03-01;ES;1268;88443;20.7894
2011-04-01;ES;893;62264;20.7894
2011-05-01;ES;1188;82868;20.7894
2011-06-01;ES;1284;89582;20.7894
2011-07-01;ES;1061;74011;20.7894
2011-08-01;ES;650;45333;20.7894
2011-09-01;ES;748;52184;20.7894
2011-10-01;ES;868;60577;20.7894
2011-11-01;ES;909;63446;20.7894
2011-12-01;ES;894;62364;20.7894
2012-01-01;ES;935;51054;21.2966
2012-02-01;ES;1078;58881;21.2966
2012-03-01;ES;1402;76572;21.2966
2012-04-01;ES;987;53907;21.2966
2012-05-01;ES;1314;71745;21.2966
2012-06-01;ES;1420;77557;21.2966
2012-07-01;ES;1173;64077;21.2966
2012-08-01;ES;719;39248;21.2966
2012-09-01;ES;827;45179;21.2966
2012-10-01;ES;960;52446;21.2966
2012-11-01;ES;1006;54930;21.2966
2012-12-01;ES;989;53993;21.2966
2013-01-01;ES;596;52740;21.3428
2013-02-01;ES;688;60825;21.3428
2013-03-01;ES;894;79100;21.3428
2013-04-01;ES;629;55687;21.3428
2013-05-01;ES;838;74114;21.3428
2013-06-01;ES;906;80118;21.3428
2013-07-01;ES;748;66192;21.3428
2013-08-01;ES;458;40544;21.3428
2013-09-01;ES;528;46671;21.3428
2013-10-01;ES;612;54178;21.3428
2013-11-01;ES;641;56743;21.3428
2013-12-01;ES;630;55776;21.3428
2014-01-01;ES;801;62418;20.4636
2014-02-01;ES;924;71987;20.4636
2014-03-01;ES;1201;93616;20.4636
2014-04-01;ES;846;65905;20.4636
2014-05-01;ES;1125;87714;20.4636
2014-06-01;ES;1217;94821;20.4636
2014-07-01;ES;1005;78339;20.4636
2014-08-01;ES;616;47984;20.4636
2014-09-01;ES;709;55235;20.4636
2014-10-01;ES;823;64120;20.4636
2014-11-01;ES;862;67156;20.4636
2014-12-01;ES;847;66012;20.4636
2015-01-01;ES;835;75476;18.8022
2015-02-01;ES;964;87046;18.8022
2015-03-01;ES;1253;113199;18.8022
2015-04-01;ES;882;79692;18.8022
2015-05-01;ES;1174;106064;18.8022
2015-06-01;ES;1269;114656;18.8022
2015-07-01;ES;1049;94727;18.8022
2015-08-01;ES;642;58022;18.8022
2015-09-01;ES;739;66790;18.8022
2015-10-01;ES;858;77533;18.8022
2015-11-01;ES;899;81205;18.8022
2015-12-01;ES;884;79821;18.8022
2016-01-01;ES;924;83706;18.4072
2016-02-01;ES;1066;96538;18.4072
2016-03-01;ES;1386;125543;18.4072
2016-04-01;ES;976;88382;18.4072
2016-05-01;ES;1299;117629;18.4072
2016-06-01;ES;1404;127159;18.4072
2016-07-01;ES;1160;105056;18.4072
2016-08-01;ES;711;64349;18.4072
2016-09-01;ES;818;74073;18.4072
2016-10-01;ES;950;85988;18.4072
2016-11-01;ES;994;90060;18.4072
2016-12-01;ES;978;88525;18.4072
2017-01-01;ES;1458;90123;18.5265
2017-02-01;ES;1681;103938;18.5265
2017-03-01;ES;2187;135167;18.5265
2017-04-01;ES;1539;95157;18.5265
2017-05-01;ES;2049;126646;18.5265
2017-06-01;ES;2215;136906;18.5265
2017-07-01;ES;1830;113109;18.5265
2017-08-01;ES;1121;69281;18.5265
2017-09-01;ES;1290;79751;18.5265
2017-10-01;ES;1498;92579;18.5265
2017-11-01;ES;1569;96963;18.5265
2017-12-01;ES;1542;95311;18.5265
2018-01-01;ES;1569;99845;17.1514
2018-02-01;ES;1708;108728;17.1514
2018-03-01;ES;2024;128841;17.1514
2018-04-01;ES;1861;118487;17.1514
2018-05-01;ES;2101;133723;17.1514
2018-06-01;ES;2182;138883;17.1514
2018-07-01;ES;1972;125559;17.1514
2018-08-01;ES;1152;73361;17.1514
2018-09-01;ES;1271;80878;17.1514
2018-10-01;ES;1603;102018;17.1514
2018-11-01;ES;1621;103194;17.1514
2018-12-01;ES;1695;107920;17.1514
2019-01-01;ES;1639;95383;15.6797
2019-02-01;ES;1780;103548;15.6797
2019-03-01;ES;2103;122356;15.6797
2019-04-01;ES;1958;113903;15.6797
2019-05-01;ES;2202;128106;15.6797
2019-06-01;ES;2183;127001;15.6797
2019-07-01;ES;2161;125710;15.6797
2019-08-01;ES;1154;67155;15.6797
2019-09-01;ES;1399;81424;15.6797
2019-10-01;ES;1751;101905;15.6797
2019-11-01;ES;1620;94263;15.6797
2019-12-01;ES;1694;98566;15.6797
2020-01-01;ES;1639;95383;15.6797
2020-02-01;ES;1780;103548;15.6797
2020-03-01;ES;2103;122356;15.6797
2020-04-01;ES;1958;113903;15.6797
2020-05-01;ES;2202;128106;15.6797
2020-06-01;ES;2183;127001;15.6797
2020-07-01;ES;2161;125710;15.6797
2020-08-01;ES;1154;67155;15.6797
2020-09-01;ES;1399;81424;15.6797
2020-10-01;ES;1751;101905;15.6797
2020-11-01;ES;1620;94263;15.6797
2020-12-01;ES;1694;98566;15.6797
2021-01-01;ES;0;77443;14.2443
2021-02-01;ES;0;76749;14.2443
2021-03-01;ES;0;103376;14.2443
2021-04-01;ES;0;95699;14.2443
2021-05-01;ES;0;98141;14.2443
2021-06-01;ES;0;93522;14.2443
2021-07-01;ES;0;95774;14.2443
2021-08-01;ES;0;73304;14.2443
2021-09-01;ES;0;86080;14.2443
2021-10-01;ES;0;88507;14.2443
2021-11-01;ES;0;84949;14.2443
2021-12-01;ES;0;76456;14.2443
2022-01-01;ES;0;89171;12.0325
2022-02-01;ES;0;88370;12.0325
2022-03-01;ES;0;119030;12.0325
2022-04-01;ES;0;110191;12.0325
2022-05-01;ES;0;113002;12.0325
2022-06-01;ES;0;107684;12.0325
2022-07-01;ES;0;110277;12.0325
2022-08-01;ES;0;84404;12.0325
2022-09-01;ES;0;99115;12.0325
2022-10-01;ES;0;101910;12.0325
2022-11-01;ES;0;97813;12.0325
2022-12-01;ES;0;88034;12.0325
2023-01-01;ES;0;91014;11.337
2023-02-01;ES;0;90198;11.337
2023-03-01;ES;0;121492;11.337
2023-04-01;ES;0;112470;11.337
2023-05-01;ES;0;115339;11.337
2023-06-01;ES;0;109910;11.337
2023-07-01;ES;0;112557;11.337
2023-08-01;ES;0;86150;11.337
2023-09-01;ES;0;101164;11.337
2023-10-01;ES;0;104017;11.337
2023-11-01;ES;0;99835;11.337
2023-12-01;ES;0;89854;11.337
2024-01-01;ES;0;93153;11.7594
2024-02-01;ES;0;92318;11.7594
2024-03-01;ES;0;124347;11.7594
2024-04-01;ES;0;115113;11.7594
2024-05-01;ES;0;118049;11.7594
2024-06-01;ES;0;112493;11.7594
2024-07-01;ES;0;115202;11.7594
2024-08-01;ES;0;88174;11.7594
2024-09-01;ES;0;103541;11.7594
2024-10-01;ES;0;106462;11.7594
2024-11-01;ES;0;102181;11.7594
2024-12-01;ES;0;91966;11.7594
2025-01-01;ES;0;93743;11.447
2025-02-01;ES;0;92902;11.447
2025-03-01;ES;0;125134;11.447
2025-04-01;ES;0;115842;11.447
2025-05-01;ES;0;118797;11.447
2025-06-01;ES;0;113206;11.447
2025-07-01;ES;0;115932;11.447
2025-08-01;ES;0;88733;11.447
2025-09-01;ES;0;104197;11.447
2025-10-01;ES;0;107136;11.447
2025-11-01;ES;0;102829;11.447
2025-12-01;ES;0;92548;11.447
2026-01-01;ES;0;94333;11.6658
2026-02-01;ES;0;93487;11.6658
2026-03-01;ES;0;125922;11.6658
2026-04-01;ES;0;116571;11.6658
2026-05-01;ES;0;119545;11.6658
2026-06-01;ES;0;113919;11.6658
2026-07-01;ES;0;116662;11.6658
2026-08-01;ES;0;89291;11.6658
2026-09-01;ES;0;104853;11.6658
2026-10-01;ES;0;107810;11.6658
2026-11-01;ES;0;103476;11.6658
2026-12-01;ES;0;93131;11.6658
2027-01-01;ES;0;93153;11.4956
2027-02-01;ES;0;92318;11.4956
2027-03-01;ES;0;124347;11.4956
2027-04-01;ES;0;115113;11.4956
2027-05-01;ES;0;118049;11.4956
2027-06-01;ES;0;112493;11.4956
2027-07-01;ES;0;115202;11.4956
2027-08-01;ES;0;88174;11.4956
2027-09-01;ES;0;103541;11.4956
2027-10-01;ES;0;106462;11.4956
2027-11-01;ES;0;102181;11.4956
2027-12-01;ES;0;91966;11.4956
2007-01-01;FR;4309;154162;28.097
2007-02-01;FR;4661;166747;28.097
2007-03-01;FR;6532;233684;28.097
2007-04-01;FR;4852;173563;28.097
2007-05-01;FR;5321;190365;28.097
2007-06-01;FR;6649;237866;28.097
2007-07-01;FR;4129;147694;28.097
2007-08-01;FR;2959;105859;28.097
2007-09-01;FR;4728;169147;28.097
2007-10-01;FR;4807;171963;28.097
2007-11-01;FR;4896;175159;28.097
2007-12-01;FR;5128;183464;28.097
2008-01-01;FR;4309;152824;28.4282
2008-02-01;FR;4661;165300;28.4282
2008-03-01;FR;6532;231657;28.4282
2008-04-01;FR;4851;172057;28.4282
2008-05-01;FR;5321;188713;28.4282
2008-06-01;FR;6649;235802;28.4282
2008-07-01;FR;4128;146412;28.4282
2008-08-01;FR;2959;104941;28.4282
2008-09-01;FR;4728;167680;28.4282
2008-10-01;FR;4807;170471;28.4282
2008-11-01;FR;4896;173639;28.4282
2008-12-01;FR;5128;181872;28.4282
2009-01-01;FR;5413;168245;28.7075
2009-02-01;FR;5855;181979;28.7075
2009-03-01;FR;8206;255032;28.7075
2009-04-01;FR;6095;189418;28.7075
2009-05-01;FR;6685;207755;28.7075
2009-06-01;FR;8353;259596;28.7075
2009-07-01;FR;5186;161186;28.7075
2009-08-01;FR;3717;115530;28.7075
2009-09-01;FR;5940;184599;28.7075
2009-10-01;FR;6039;187672;28.7075
2009-11-01;FR;6151;191160;28.7075
2009-12-01;FR;6442;200224;28.7075
2010-01-01;FR;7134;164538;28.7659
2010-02-01;FR;7716;177970;28.7659
2010-03-01;FR;10813;249413;28.7659
2010-04-01;FR;8031;185245;28.7659
2010-05-01;FR;8809;203178;28.7659
2010-06-01;FR;11007;253876;28.7659
2010-07-01;FR;6834;157635;28.7659
2010-08-01;FR;4898;112984;28.7659
2010-09-01;FR;7827;180532;28.7659
2010-10-01;FR;7957;183537;28.7659
2010-11-01;FR;8105;186948;28.7659
2010-12-01;FR;8489;195813;28.7659
2011-01-01;FR;5817;161071;26.6777
2011-02-01;FR;6292;174220;26.6777
2011-03-01;FR;8818;244158;26.6777
2011-04-01;FR;6549;181342;26.6777
2011-05-01;FR;7183;198897;26.6777
2011-06-01;FR;8976;248527;26.6777
2011-07-01;FR;5573;154314;26.6777
2011-08-01;FR;3995;110604;26.6777
2011-09-01;FR;6383;176729;26.6777
2011-10-01;FR;6489;179670;26.6777
2011-11-01;FR;6609;183010;26.6777
2011-12-01;FR;6923;191687;26.6777
2012-01-01;FR;4560;138750;25.9703
2012-02-01;FR;4932;150076;25.9703
2012-03-01;FR;6912;210322;25.9703
2012-04-01;FR;5134;156211;25.9703
2012-05-01;FR;5631;171333;25.9703
2012-06-01;FR;7036;214086;25.9703
2012-07-01;FR;4369;132928;25.9703
2012-08-01;FR;3131;95276;25.9703
2012-09-01;FR;5003;152237;25.9703
2012-10-01;FR;5087;154771;25.9703
2012-11-01;FR;5181;157648;25.9703
2012-12-01;FR;5427;165123;25.9703
2013-01-01;FR;3900;130835;25.3715
2013-02-01;FR;4219;141516;25.3715
2013-03-01;FR;5912;198325;25.3715
2013-04-01;FR;4391;147301;25.3715
2013-05-01;FR;4816;161561;25.3715
2013-06-01;FR;6018;201874;25.3715
2013-07-01;FR;3737;125346;25.3715
2013-08-01;FR;2678;89841;25.3715
2013-09-01;FR;4280;143553;25.3715
2013-10-01;FR;4351;145943;25.3715
2013-11-01;FR;4432;148655;25.3715
2013-12-01;FR;4642;155704;25.3715
2014-01-01;FR;4357;131232;23.2018
2014-02-01;FR;4713;141945;23.2018
2014-03-01;FR;6605;198927;23.2018
2014-04-01;FR;4906;147747;23.2018
2014-05-01;FR;5380;162050;23.2018
2014-06-01;FR;6723;202486;23.2018
2014-07-01;FR;4174;125726;23.2018
2014-08-01;FR;2992;90114;23.2018
2014-09-01;FR;4781;143989;23.2018
2014-10-01;FR;4860;146385;23.2018
2014-11-01;FR;4951;149106;23.2018
2014-12-01;FR;5185;156176;23.2018
2015-01-01;FR;4120;140099;22.3596
2015-02-01;FR;4456;151536;22.3596
2015-03-01;FR;6245;212367;22.3596
2015-04-01;FR;4639;157730;22.3596
2015-05-01;FR;5088;173000;22.3596
2015-06-01;FR;6357;216168;22.3596
2015-07-01;FR;3947;134221;22.3596
2015-08-01;FR;2829;96202;22.3596
2015-09-01;FR;4521;153718;22.3596
2015-10-01;FR;4596;156276;22.3596
2015-11-01;FR;4681;159181;22.3596
2015-12-01;FR;4903;166728;22.3596
2016-01-01;FR;4303;147257;22.004
2016-02-01;FR;4655;159278;22.004
2016-03-01;FR;6523;223217;22.004
2016-04-01;FR;4845;165788;22.004
2016-05-01;FR;5314;181838;22.004
2016-06-01;FR;6640;227212;22.004
2016-07-01;FR;4123;141079;22.004
2016-08-01;FR;2955;101117;22.004
2016-09-01;FR;4722;161571;22.004
2016-10-01;FR;4800;164260;22.004
2016-11-01;FR;4889;167313;22.004
2016-12-01;FR;5121;175247;22.004
2017-01-01;FR;5257;154240;22.3735
2017-02-01;FR;5686;166832;22.3735
2017-03-01;FR;7968;233803;22.3735
2017-04-01;FR;5918;173651;22.3735
2017-05-01;FR;6491;190462;22.3735
2017-06-01;FR;8111;237987;22.3735
2017-07-01;FR;5036;147769;22.3735
2017-08-01;FR;3610;105913;22.3735
2017-09-01;FR;5768;169234;22.3735
2017-10-01;FR;5864;172050;22.3735
2017-11-01;FR;5973;175248;22.3735
2017-12-01;FR;6256;183558;22.3735
2018-01-01;FR;5680;158376;23.2204
2018-02-01;FR;6151;171514;23.2204
2018-03-01;FR;8267;230511;23.2204
2018-04-01;FR;6703;186896;23.2204
2018-05-01;FR;6684;186380;23.2204
2018-06-01;FR;8778;244768;23.2204
2018-07-01;FR;5989;166982;23.2204
2018-08-01;FR;3906;108923;23.2204
2018-09-01;FR;5933;165428;23.2204
2018-10-01;FR;6583;183542;23.2204
2018-11-01;FR;6470;180405;23.2204
2018-12-01;FR;6805;189756;23.2204
2019-01-01;FR;5914;162144;23.8654
2019-02-01;FR;6396;175368;23.8654
2019-03-01;FR;8222;225431;23.8654
2019-04-01;FR;7314;200545;23.8654
2019-05-01;FR;7334;201093;23.8654
2019-06-01;FR;8279;226992;23.8654
2019-07-01;FR;6532;179088;23.8654
2019-08-01;FR;3889;106638;23.8654
2019-09-01;FR;6473;177493;23.8654
2019-10-01;FR;6839;187524;23.8654
2019-11-01;FR;6106;167423;23.8654
2019-12-01;FR;7460;204540;23.8654
2020-01-01;FR;5914;162144;23.8654
2020-02-01;FR;6396;175368;23.8654
2020-03-01;FR;8222;225431;23.8654
2020-04-01;FR;7314;200545;23.8654
2020-05-01;FR;7334;201093;23.8654
2020-06-01;FR;8279;226992;23.8654
2020-07-01;FR;6532;179088;23.8654
2020-08-01;FR;3889;106638;23.8654
2020-09-01;FR;6473;177493;23.8654
2020-10-01;FR;6839;187524;23.8654
2020-11-01;FR;6106;167423;23.8654
2020-12-01;FR;7460;204540;23.8654
2021-01-01;FR;0;132540;22.5567
2021-02-01;FR;0;143350;22.5567
2021-03-01;FR;0;184272;22.5567
2021-04-01;FR;0;163930;22.5567
2021-05-01;FR;0;164378;22.5567
2021-06-01;FR;0;185548;22.5567
2021-07-01;FR;0;146390;22.5567
2021-08-01;FR;0;87168;22.5567
2021-09-01;FR;0;145086;22.5567
2021-10-01;FR;0;153287;22.5567
2021-11-01;FR;0;136855;22.5567
2021-12-01;FR;0;167195;22.5567
2022-01-01;FR;0;136714;20.5248
2022-02-01;FR;0;147864;20.5248
2022-03-01;FR;0;190075;20.5248
2022-04-01;FR;0;169093;20.5248
2022-05-01;FR;0;169555;20.5248
2022-06-01;FR;0;191391;20.5248
2022-07-01;FR;0;151000;20.5248
2022-08-01;FR;0;89913;20.5248
2022-09-01;FR;0;149655;20.5248
2022-10-01;FR;0;158114;20.5248
2022-11-01;FR;0;141165;20.5248
2022-12-01;FR;0;172461;20.5248
2023-01-01;FR;0;137293;19.5965
2023-02-01;FR;0;148490;19.5965
2023-03-01;FR;0;190879;19.5965
2023-04-01;FR;0;169808;19.5965
2023-05-01;FR;0;170272;19.5965
2023-06-01;FR;0;192201;19.5965
2023-07-01;FR;0;151639;19.5965
2023-08-01;FR;0;90294;19.5965
2023-09-01;FR;0;150289;19.5965
2023-10-01;FR;0;158783;19.5965
2023-11-01;FR;0;141763;19.5965
2023-12-01;FR;0;173190;19.5965
2024-01-01;FR;0;138142;20.0984
2024-02-01;FR;0;149408;20.0984
2024-03-01;FR;0;192060;20.0984
2024-04-01;FR;0;170859;20.0984
2024-05-01;FR;0;171326;20.0984
2024-06-01;FR;0;193390;20.0984
2024-07-01;FR;0;152578;20.0984
2024-08-01;FR;0;90852;20.0984
2024-09-01;FR;0;151218;20.0984
2024-10-01;FR;0;159765;20.0984
2024-11-01;FR;0;142640;20.0984
2024-12-01;FR;0;174262;20.0984
2025-01-01;FR;0;133156;21.2914
2025-02-01;FR;0;144015;21.2914
2025-03-01;FR;0;185127;21.2914
2025-04-01;FR;0;164691;21.2914
2025-05-01;FR;0;165141;21.2914
2025-06-01;FR;0;186409;21.2914
2025-07-01;FR;0;147070;21.2914
2025-08-01;FR;0;87573;21.2914
2025-09-01;FR;0;145760;21.2914
2025-10-01;FR;0;153998;21.2914
2025-11-01;FR;0;137491;21.2914
2025-12-01;FR;0;167971;21.2914
2026-01-01;FR;0;134759;21.5408
2026-02-01;FR;0;145749;21.5408
2026-03-01;FR;0;187357;21.5408
2026-04-01;FR;0;166675;21.5408
2026-05-01;FR;0;167130;21.5408
2026-06-01;FR;0;188654;21.5408
2026-07-01;FR;0;148841;21.5408
2026-08-01;FR;0;88627;21.5408
2026-09-01;FR;0;147515;21.5408
2026-10-01;FR;0;155853;21.5408
2026-11-01;FR;0;139146;21.5408
2026-12-01;FR;0;169994;21.5408
2027-01-01;FR;0;135045;21.2998
2027-02-01;FR;0;146058;21.2998
2027-03-01;FR;0;187754;21.2998
2027-04-01;FR;0;167028;21.2998
2027-05-01;FR;0;167484;21.2998
2027-06-01;FR;0;189054;21.2998
2027-07-01;FR;0;149156;21.2998
2027-08-01;FR;0;88815;21.2998
2027-09-01;FR;0;147828;21.2998
2027-10-01;FR;0;156183;21.2998
2027-11-01;FR;0;139441;21.2998
2027-12-01;FR;0;170354;21.2998
2007-01-01;GB;936;153912;25.0607
2007-02-01;GB;442;72645;25.0607
2007-03-01;GB;3023;496864;25.0607
2007-04-01;GB;933;153272;25.0607
2007-05-01;GB;1162;190993;25.0607
2007-06-01;GB;1434;235728;25.0607
2007-07-01;GB;955;157043;25.0607
2007-08-01;GB;436;71609;25.0607
2007-09-01;GB;2472;406351;25.0607
2007-10-01;GB;950;156072;25.0607
2007-11-01;GB;983;161598;25.0607
2007-12-01;GB;900;147920;25.0607
2008-01-01;GB;651;136484;24.8518
2008-02-01;GB;307;64419;24.8518
2008-03-01;GB;2103;440603;24.8518
2008-04-01;GB;649;135917;24.8518
2008-05-01;GB;808;169367;24.8518
2008-06-01;GB;998;209036;24.8518
2008-07-01;GB;665;139260;24.8518
2008-08-01;GB;303;63501;24.8518
2008-09-01;GB;1720;360339;24.8518
2008-10-01;GB;661;138399;24.8518
2008-11-01;GB;684;143299;24.8518
2008-12-01;GB;626;131171;24.8518
2009-01-01;GB;404;127726;25.9938
2009-02-01;GB;191;60286;25.9938
2009-03-01;GB;1303;412330;25.9938
2009-04-01;GB;402;127195;25.9938
2009-05-01;GB;501;158498;25.9938
2009-06-01;GB;618;195622;25.9938
2009-07-01;GB;412;130324;25.9938
2009-08-01;GB;188;59426;25.9938
2009-09-01;GB;1066;337216;25.9938
2009-10-01;GB;409;129518;25.9938
2009-11-01;GB;424;134104;25.9938
2009-12-01;GB;388;122754;25.9938
2010-01-01;GB;914;130021;24.3004
2010-02-01;GB;432;61369;24.3004
2010-03-01;GB;2952;419739;24.3004
2010-04-01;GB;911;129481;24.3004
2010-05-01;GB;1135;161346;24.3004
2010-06-01;GB;1400;199137;24.3004
2010-07-01;GB;933;132666;24.3004
2010-08-01;GB;425;60494;24.3004
2010-09-01;GB;2414;343276;24.3004
2010-10-01;GB;927;131845;24.3004
2010-11-01;GB;960;136514;24.3004
2010-12-01;GB;879;124959;24.3004
2011-01-01;GB;739;124285;22.2251
2011-02-01;GB;349;58661;22.2251
2011-03-01;GB;2386;401221;22.2251
2011-04-01;GB;736;123769;22.2251
2011-05-01;GB;917;154228;22.2251
2011-06-01;GB;1132;190352;22.2251
2011-07-01;GB;754;126813;22.2251
2011-08-01;GB;344;57825;22.2251
2011-09-01;GB;1951;328132;22.2251
2011-10-01;GB;749;126029;22.2251
2011-11-01;GB;776;130491;22.2251
2011-12-01;GB;710;119447;22.2251
2012-01-01;GB;633;130902;22.6324
2012-02-01;GB;299;61785;22.6324
2012-03-01;GB;2043;422583;22.6324
2012-04-01;GB;630;130358;22.6324
2012-05-01;GB;785;162440;22.6324
2012-06-01;GB;969;200487;22.6324
2012-07-01;GB;646;133565;22.6324
2012-08-01;GB;294;60904;22.6324
2012-09-01;GB;1671;345602;22.6324
2012-10-01;GB;642;132739;22.6324
2012-11-01;GB;664;137439;22.6324
2012-12-01;GB;608;125806;22.6324
2013-01-01;GB;455;144995;21.645
2013-02-01;GB;215;68437;21.645
2013-03-01;GB;1468;468080;21.645
2013-04-01;GB;453;144393;21.645
2013-05-01;GB;564;179928;21.645
2013-06-01;GB;696;222072;21.645
2013-07-01;GB;464;147945;21.645
2013-08-01;GB;212;67461;21.645
2013-09-01;GB;1200;382810;21.645
2013-10-01;GB;461;147030;21.645
2013-11-01;GB;477;152236;21.645
2013-12-01;GB;437;139351;21.645
2014-01-01;GB;507;158549;20.3636
2014-02-01;GB;239;74834;20.3636
2014-03-01;GB;1635;511834;20.3636
2014-04-01;GB;505;157890;20.3636
2014-05-01;GB;629;196747;20.3636
2014-06-01;GB;776;242830;20.3636
2014-07-01;GB;517;161774;20.3636
2014-08-01;GB;236;73767;20.3636
2014-09-01;GB;1338;418594;20.3636
2014-10-01;GB;514;160774;20.3636
2014-11-01;GB;532;166466;20.3636
2014-12-01;GB;487;152377;20.3636
2015-01-01;GB;446;168605;19.5577
2015-02-01;GB;210;79580;19.5577
2015-03-01;GB;1438;544297;19.5577
2015-04-01;GB;444;167904;19.5577
2015-05-01;GB;553;209226;19.5577
2015-06-01;GB;682;258232;19.5577
2015-07-01;GB;455;172034;19.5577
2015-08-01;GB;207;78445;19.5577
2015-09-01;GB;1176;445143;19.5577
2015-10-01;GB;452;170971;19.5577
2015-11-01;GB;468;177024;19.5577
2015-12-01;GB;428;162041;19.5577
2016-01-01;GB;387;172400;17.4547
2016-02-01;GB;183;81372;17.4547
2016-03-01;GB;1249;556549;17.4547
2016-04-01;GB;385;171684;17.4547
2016-05-01;GB;480;213936;17.4547
2016-06-01;GB;593;264045;17.4547
2016-07-01;GB;395;175907;17.4547
2016-08-01;GB;180;80211;17.4547
2016-09-01;GB;1022;455164;17.4547
2016-10-01;GB;392;174820;17.4547
2016-11-01;GB;406;181009;17.4547
2016-12-01;GB;372;165689;17.4547
2017-01-01;GB;1055;162658;15.811
2017-02-01;GB;498;76773;15.811
2017-03-01;GB;3407;525099;15.811
2017-04-01;GB;1051;161982;15.811
2017-05-01;GB;1310;201847;15.811
2017-06-01;GB;1617;249123;15.811
2017-07-01;GB;1077;165967;15.811
2017-08-01;GB;491;75678;15.811
2017-09-01;GB;2787;429443;15.811
2017-10-01;GB;1070;164941;15.811
2017-11-01;GB;1108;170780;15.811
2017-12-01;GB;1014;156326;15.811
2018-01-01;GB;1067;161502;16.3429
2018-02-01;GB;492;74572;16.3429
2018-03-01;GB;3054;462409;16.3429
2018-04-01;GB;1079;163343;16.3429
2018-05-01;GB;1250;189360;16.3429
2018-06-01;GB;1521;230347;16.3429
2018-07-01;GB;1056;159973;16.3429
2018-08-01;GB;479;72538;16.3429
2018-09-01;GB;2538;384317;16.3429
2018-10-01;GB;1065;161300;16.3429
2018-11-01;GB;1056;159873;16.3429
2018-12-01;GB;975;147615;16.3429
2019-01-01;GB;965;157740;15.2201
2019-02-01;GB;446;72838;15.2201
2019-03-01;GB;2765;451995;15.2201
2019-04-01;GB;972;158869;15.2201
2019-05-01;GB;1127;184178;15.2201
2019-06-01;GB;1319;215531;15.2201
2019-07-01;GB;994;162495;15.2201
2019-08-01;GB;421;68777;15.2201
2019-09-01;GB;2343;383062;15.2201
2019-10-01;GB;959;156797;15.2201
2019-11-01;GB;930;151998;15.2201
2019-12-01;GB;898;146861;15.2201
2020-01-01;GB;965;157740;15.2201
2020-02-01;GB;446;72838;15.2201
2020-03-01;GB;2765;451995;15.2201
2020-04-01;GB;972;158869;15.2201
2020-05-01;GB;1127;184178;15.2201
2020-06-01;GB;1319;215531;15.2201
2020-07-01;GB;994;162495;15.2201
2020-08-01;GB;421;68777;15.2201
2020-09-01;GB;2343;383062;15.2201
2020-10-01;GB;959;156797;15.2201
2020-11-01;GB;930;151998;15.2201
2020-12-01;GB;898;146861;15.2201
2021-01-01;GB;0;136568;14.0895
2021-02-01;GB;0;147706;14.0895
2021-03-01;GB;0;189871;14.0895
2021-04-01;GB;0;168912;14.0895
2021-05-01;GB;0;169373;14.0895
2021-06-01;GB;0;191186;14.0895
2021-07-01;GB;0;150839;14.0895
2021-08-01;GB;0;89817;14.0895
2021-09-01;GB;0;149495;14.0895
2021-10-01;GB;0;157944;14.0895
2021-11-01;GB;0;141014;14.0895
2021-12-01;GB;0;172276;14.0895
2022-01-01;GB;0;161685;13.7169
2022-02-01;GB;0;174871;13.7169
2022-03-01;GB;0;224791;13.7169
2022-04-01;GB;0;199977;13.7169
2022-05-01;GB;0;200523;13.7169
2022-06-01;GB;0;226348;13.7169
2022-07-01;GB;0;178580;13.7169
2022-08-01;GB;0;106335;13.7169
2022-09-01;GB;0;176989;13.7169
2022-10-01;GB;0;186993;13.7169
2022-11-01;GB;0;166948;13.7169
2022-12-01;GB;0;203960;13.7169
2023-01-01;GB;0;165639;13.4514
2023-02-01;GB;0;179147;13.4514
2023-03-01;GB;0;230289;13.4514
2023-04-01;GB;0;204868;13.4514
2023-05-01;GB;0;205427;13.4514
2023-06-01;GB;0;231884;13.4514
2023-07-01;GB;0;182947;13.4514
2023-08-01;GB;0;108936;13.4514
2023-09-01;GB;0;181318;13.4514
2023-10-01;GB;0;191566;13.4514
2023-11-01;GB;0;171031;13.4514
2023-12-01;GB;0;208948;13.4514
2024-01-01;GB;0;169813;14.4723
2024-02-01;GB;0;183662;14.4723
2024-03-01;GB;0;236092;14.4723
2024-04-01;GB;0;210030;14.4723
2024-05-01;GB;0;210604;14.4723
2024-06-01;GB;0;237727;14.4723
2024-07-01;GB;0;187557;14.4723
2024-08-01;GB;0;111681;14.4723
2024-09-01;GB;0;185887;14.4723
2024-10-01;GB;0;196393;14.4723
2024-11-01;GB;0;175341;14.4723
2024-12-01;GB;0;214213;14.4723
2025-01-01;GB;0;167177;14.6053
2025-02-01;GB;0;180811;14.6053
2025-03-01;GB;0;232427;14.6053
2025-04-01;GB;0;206769;14.6053
2025-05-01;GB;0;207334;14.6053
2025-06-01;GB;0;234037;14.6053
2025-07-01;GB;0;184646;14.6053
2025-08-01;GB;0;109947;14.6053
2025-09-01;GB;0;183001;14.6053
2025-10-01;GB;0;193344;14.6053
2025-11-01;GB;0;172619;14.6053
2025-12-01;GB;0;210888;14.6053
2026-01-01;GB;0;171058;13.9757
2026-02-01;GB;0;185008;13.9757
2026-03-01;GB;0;237823;13.9757
2026-04-01;GB;0;211570;13.9757
2026-05-01;GB;0;212148;13.9757
2026-06-01;GB;0;239470;13.9757
2026-07-01;GB;0;188932;13.9757
2026-08-01;GB;0;112500;13.9757
2026-09-01;GB;0;187249;13.9757
2026-10-01;GB;0;197833;13.9757
2026-11-01;GB;0;176627;13.9757
2026-12-01;GB;0;215783;13.9757
2027-01-01;GB;0;169813;13.9831
2027-02-01;GB;0;183662;13.9831
2027-03-01;GB;0;236092;13.9831
2027-04-01;GB;0;210030;13.9831
2027-05-01;GB;0;210604;13.9831
2027-06-01;GB;0;237727;13.9831
2027-07-01;GB;0;187557;13.9831
2027-08-01;GB;0;111681;13.9831
2027-09-01;GB;0;185887;13.9831
2027-10-01;GB;0;196393;13.9831
2027-11-01;GB;0;175341;13.9831
2027-12-01;GB;0;214213;13.9831
2007-01-01;IT;4476;220316;30.7537
2007-02-01;IT;4773;234911;30.7537
2007-03-01;IT;5835;287170;30.7537
2007-04-01;IT;4268;210044;30.7537
2007-05-01;IT;5336;262638;30.7537
2007-06-01;IT;4806;236547;30.7537
2007-07-01;IT;3808;187432;30.7537
2007-08-01;IT;2073;102045;30.7537
2007-09-01;IT;4077;200639;30.7537
2007-10-01;IT;4129;203221;30.7537
2007-11-01;IT;4022;197976;30.7537
2007-12-01;IT;3063;150776;30.7537
2008-01-01;IT;4095;191021;27.0842
2008-02-01;IT;4367;203676;27.0842
2008-03-01;IT;5338;248986;27.0842
2008-04-01;IT;3904;182115;27.0842
2008-05-01;IT;4882;227716;27.0842
2008-06-01;IT;4397;205094;27.0842
2008-07-01;IT;3484;162510;27.0842
2008-08-01;IT;1897;88476;27.0842
2008-09-01;IT;3730;173961;27.0842
2008-10-01;IT;3778;176200;27.0842
2008-11-01;IT;3680;171652;27.0842
2008-12-01;IT;2803;130728;27.0842
2009-01-01;IT;3847;190764;29.4499
2009-02-01;IT;4101;203402;29.4499
2009-03-01;IT;5014;248651;29.4499
2009-04-01;IT;3667;181870;29.4499
2009-05-01;IT;4586;227410;29.4499
2009-06-01;IT;4130;204818;29.4499
2009-07-01;IT;3272;162292;29.4499
2009-08-01;IT;1782;88357;29.4499
2009-09-01;IT;3503;173727;29.4499
2009-10-01;IT;3548;175963;29.4499
2009-11-01;IT;3457;171421;29.4499
2009-12-01;IT;2632;130553;29.4499
2010-01-01;IT;4254;173293;29.6696
2010-02-01;IT;4536;184773;29.6696
2010-03-01;IT;5545;225879;29.6696
2010-04-01;IT;4056;165214;29.6696
2010-05-01;IT;5072;206582;29.6696
2010-06-01;IT;4568;186060;29.6696
2010-07-01;IT;3619;147428;29.6696
2010-08-01;IT;1971;80265;29.6696
2010-09-01;IT;3874;157816;29.6696
2010-10-01;IT;3924;159847;29.6696
2010-11-01;IT;3823;155721;29.6696
2010-12-01;IT;2912;118596;29.6696
2011-01-01;IT;2994;154520;25.9993
2011-02-01;IT;3192;164756;25.9993
2011-03-01;IT;3903;201409;25.9993
2011-04-01;IT;2855;147315;25.9993
2011-05-01;IT;3569;184203;25.9993
2011-06-01;IT;3215;165904;25.9993
2011-07-01;IT;2547;131457;25.9993
2011-08-01;IT;1387;71570;25.9993
2011-09-01;IT;2727;140719;25.9993
2011-10-01;IT;2762;142530;25.9993
2011-11-01;IT;2691;138852;25.9993
2011-12-01;IT;2049;105748;25.9993
2012-01-01;IT;2588;123940;24.4987
2012-02-01;IT;2760;132150;24.4987
2012-03-01;IT;3374;161549;24.4987
2012-04-01;IT;2467;118161;24.4987
2012-05-01;IT;3085;147748;24.4987
2012-06-01;IT;2779;133070;24.4987
2012-07-01;IT;2202;105441;24.4987
2012-08-01;IT;1199;57406;24.4987
2012-09-01;IT;2357;112870;24.4987
2012-10-01;IT;2387;114323;24.4987
2012-11-01;IT;2326;111372;24.4987
2012-12-01;IT;1771;84820;24.4987
2013-01-01;IT;1580;115247;22.8503
2013-02-01;IT;1685;122881;22.8503
2013-03-01;IT;2060;150218;22.8503
2013-04-01;IT;1507;109873;22.8503
2013-05-01;IT;1884;137385;22.8503
2013-06-01;IT;1697;123737;22.8503
2013-07-01;IT;1344;98045;22.8503
2013-08-01;IT;732;53379;22.8503
2013-09-01;IT;1439;104954;22.8503
2013-10-01;IT;1458;106304;22.8503
2013-11-01;IT;1420;103561;22.8503
2013-12-01;IT;1081;78871;22.8503
2014-01-01;IT;1543;120194;21.4424
2014-02-01;IT;1646;128156;21.4424
2014-03-01;IT;2012;156666;21.4424
2014-04-01;IT;1471;114590;21.4424
2014-05-01;IT;1840;143283;21.4424
2014-06-01;IT;1657;129049;21.4424
2014-07-01;IT;1313;102254;21.4424
2014-08-01;IT;715;55671;21.4424
2014-09-01;IT;1405;109459;21.4424
2014-10-01;IT;1424;110868;21.4424
2014-11-01;IT;1387;108006;21.4424
2014-12-01;IT;1056;82256;21.4424
2015-01-01;IT;1764;139203;20.9867
2015-02-01;IT;1881;148425;20.9867
2015-03-01;IT;2299;181444;20.9867
2015-04-01;IT;1681;132713;20.9867
2015-05-01;IT;2103;165944;20.9867
2015-06-01;IT;1894;149458;20.9867
2015-07-01;IT;1500;118426;20.9867
2015-08-01;IT;817;64475;20.9867
2015-09-01;IT;1606;126771;20.9867
2015-10-01;IT;1627;128402;20.9867
2015-11-01;IT;1585;125088;20.9867
2015-12-01;IT;1207;95266;20.9867
2016-01-01;IT;2117;161290;19.2002
2016-02-01;IT;2257;171975;19.2002
2016-03-01;IT;2759;210233;19.2002
2016-04-01;IT;2018;153770;19.2002
2016-05-01;IT;2524;192273;19.2002
2016-06-01;IT;2273;173172;19.2002
2016-07-01;IT;1801;137216;19.2002
2016-08-01;IT;981;74705;19.2002
2016-09-01;IT;1928;146885;19.2002
2016-10-01;IT;1953;148775;19.2002
2016-11-01;IT;1902;144935;19.2002
2016-12-01;IT;1449;110381;19.2002
2017-01-01;IT;3709;174153;18.8486
2017-02-01;IT;3954;185690;18.8486
2017-03-01;IT;4834;226999;18.8486
2017-04-01;IT;3536;166033;18.8486
2017-05-01;IT;4421;207607;18.8486
2017-06-01;IT;3982;186983;18.8486
2017-07-01;IT;3155;148159;18.8486
2017-08-01;IT;1718;80663;18.8486
2017-09-01;IT;3377;158599;18.8486
2017-10-01;IT;3421;160640;18.8486
2017-11-01;IT;3333;156494;18.8486
2017-12-01;IT;2538;119184;18.8486
2018-01-01;IT;3713;174219;18.0618
2018-02-01;IT;3825;179501;18.0618
2018-03-01;IT;4444;208549;18.0618
2018-04-01;IT;3587;168319;18.0618
2018-05-01;IT;4242;199055;18.0618
2018-06-01;IT;3808;178700;18.0618
2018-07-01;IT;3146;147647;18.0618
2018-08-01;IT;1650;77429;18.0618
2018-09-01;IT;3101;145510;18.0618
2018-10-01;IT;3418;160371;18.0618
2018-11-01;IT;3194;149875;18.0618
2018-12-01;IT;2588;121463;18.0618
2019-01-01;IT;3704;174412;15.5159
2019-02-01;IT;3833;180518;15.5159
2019-03-01;IT;4249;200093;15.5159
2019-04-01;IT;3769;177470;15.5159
2019-05-01;IT;4234;199407;15.5159
2019-06-01;IT;3624;170659;15.5159
2019-07-01;IT;3272;154066;15.5159
2019-08-01;IT;1577;74285;15.5159
2019-09-01;IT;3264;153718;15.5159
2019-10-01;IT;3410;160575;15.5159
2019-11-01;IT;3040;143138;15.5159
2019-12-01;IT;2729;128524;15.5159
2020-01-01;IT;3704;174412;15.5159
2020-02-01;IT;3833;180518;15.5159
2020-03-01;IT;4249;200093;15.5159
2020-04-01;IT;3769;177470;15.5159
2020-05-01;IT;4234;199407;15.5159
2020-06-01;IT;3624;170659;15.5159
2020-07-01;IT;3272;154066;15.5159
2020-08-01;IT;1577;74285;15.5159
2020-09-01;IT;3264;153718;15.5159
2020-10-01;IT;3410;160575;15.5159
2020-11-01;IT;3040;143138;15.5159
2020-12-01;IT;2729;128524;15.5159
2021-01-01;IT;0;109840;18.5605
2021-02-01;IT;0;118798;18.5605
2021-03-01;IT;0;152712;18.5605
2021-04-01;IT;0;135854;18.5605
2021-05-01;IT;0;136225;18.5605
2021-06-01;IT;0;153769;18.5605
2021-07-01;IT;0;121318;18.5605
2021-08-01;IT;0;72239;18.5605
2021-09-01;IT;0;120237;18.5605
2021-10-01;IT;0;127033;18.5605
2021-11-01;IT;0;113416;18.5605
2021-12-01;IT;0;138560;18.5605
2022-01-01;IT;0;121117;19.0964
2022-02-01;IT;0;130995;19.0964
2022-03-01;IT;0;168390;19.0964
2022-04-01;IT;0;149801;19.0964
2022-05-01;IT;0;150211;19.0964
2022-06-01;IT;0;169556;19.0964
2022-07-01;IT;0;133773;19.0964
2022-08-01;IT;0;79655;19.0964
2022-09-01;IT;0;132582;19.0964
2022-10-01;IT;0;140075;19.0964
2022-11-01;IT;0;125060;19.0964
2022-12-01;IT;0;152785;19.0964
2023-01-01;IT;0;122874;19.8665
2023-02-01;IT;0;132895;19.8665
2023-03-01;IT;0;170833;19.8665
2023-04-01;IT;0;151975;19.8665
2023-05-01;IT;0;152390;19.8665
2023-06-01;IT;0;172016;19.8665
2023-07-01;IT;0;135714;19.8665
2023-08-01;IT;0;80811;19.8665
2023-09-01;IT;0;134505;19.8665
2023-10-01;IT;0;142108;19.8665
2023-11-01;IT;0;126875;19.8665
2023-12-01;IT;0;155002;19.8665
2024-01-01;IT;0;128074;22.8338
2024-02-01;IT;0;138519;22.8338
2024-03-01;IT;0;178062;22.8338
2024-04-01;IT;0;158406;22.8338
2024-05-01;IT;0;158838;22.8338
2024-06-01;IT;0;179295;22.8338
2024-07-01;IT;0;141457;22.8338
2024-08-01;IT;0;84230;22.8338
2024-09-01;IT;0;140197;22.8338
2024-10-01;IT;0;148120;22.8338
2024-11-01;IT;0;132243;22.8338
2024-12-01;IT;0;161560;22.8338
2025-01-01;IT;0;129977;26.4583
2025-02-01;IT;0;140578;26.4583
2025-03-01;IT;0;180709;26.4583
2025-04-01;IT;0;160760;26.4583
2025-05-01;IT;0;161199;26.4583
2025-06-01;IT;0;181960;26.4583
2025-07-01;IT;0;143560;26.4583
2025-08-01;IT;0;85483;26.4583
2025-09-01;IT;0;142281;26.4583
2025-10-01;IT;0;150322;26.4583
2025-11-01;IT;0;134209;26.4583
2025-12-01;IT;0;163962;26.4583
2026-01-01;IT;0;127707;25.2594
2026-02-01;IT;0;138123;25.2594
2026-03-01;IT;0;177553;25.2594
2026-04-01;IT;0;157953;25.2594
2026-05-01;IT;0;158384;25.2594
2026-06-01;IT;0;178782;25.2594
2026-07-01;IT;0;141052;25.2594
2026-08-01;IT;0;83990;25.2594
2026-09-01;IT;0;139796;25.2594
2026-10-01;IT;0;147697;25.2594
2026-11-01;IT;0;131865;25.2594
2026-12-01;IT;0;161099;25.2594
2027-01-01;IT;0;125071;24.5678
2027-02-01;IT;0;135271;24.5678
2027-03-01;IT;0;173888;24.5678
2027-04-01;IT;0;154692;24.5678
2027-05-01;IT;0;155115;24.5678
2027-06-01;IT;0;175092;24.5678
2027-07-01;IT;0;138141;24.5678
2027-08-01;IT;0;82256;24.5678
2027-09-01;IT;0;136910;24.5678
2027-10-01;IT;0;144648;24.5678
2027-11-01;IT;0;129143;24.5678
2027-12-01;IT;0;157773;24.5678
