Date;Country;Sales_2008;Market;SegmentMix
2013-01-01;DE;491;215192;1.8732
2013-02-01;DE;488;213929;1.8732
2013-03-01;DE;724;317491;1.8732
2013-04-01;DE;554;242767;1.8732
2013-05-01;DE;630;276055;1.8732
2013-06-01;DE;657;288020;1.8732
2013-07-01;DE;560;245391;1.8732
2013-08-01;DE;495;217155;1.8732
2013-09-01;DE;552;241751;1.8732
2013-10-01;DE;547;239626;1.8732
2013-11-01;DE;575;252076;1.8732
2013-12-01;DE;463;202977;1.8732
2014-01-01;DE;784;221338;2.6546
2014-02-01;DE;779;220039;2.6546
2014-03-01;DE;1156;326559;2.6546
2014-04-01;DE;884;249700;2.6546
2014-05-01;DE;1005;283939;2.6546
2014-06-01;DE;1049;296247;2.6546
2014-07-01;DE;894;252400;2.6546
2014-08-01;DE;791;223357;2.6546
2014-09-01;DE;880;248655;2.6546
2014-10-01;DE;873;246470;2.6546
2014-11-01;DE;918;259276;2.6546
2014-12-01;DE;739;208774;2.6546
2015-01-01;DE;776;233671;3.6798
2015-02-01;DE;771;232300;3.6798
2015-03-01;DE;1145;344756;3.6798
2015-04-01;DE;875;263614;3.6798
2015-05-01;DE;995;299761;3.6798
2015-06-01;DE;1038;312754;3.6798
2015-07-01;DE;885;266464;3.6798
2015-08-01;DE;783;235803;3.6798
2015-09-01;DE;871;262511;3.6798
2015-10-01;DE;864;260204;3.6798
2015-11-01;DE;909;273723;3.6798
2015-12-01;DE;732;220407;3.6798
2016-01-01;DE;1054;244278;4.3307
2016-02-01;DE;1047;242845;4.3307
2016-03-01;DE;1555;360405;4.3307
2016-04-01;DE;1189;275581;4.3307
2016-05-01;DE;1352;313368;4.3307
2016-06-01;DE;1410;326951;4.3307
2016-07-01;DE;1202;278560;4.3307
2016-08-01;DE;1063;246507;4.3307
2016-09-01;DE;1184;274427;4.3307
2016-10-01;DE;1173;272016;4.3307
2016-11-01;DE;1234;286149;4.3307
2016-12-01;DE;994;230412;4.3307
2017-01-01;DE;958;250810;5.0597
2017-02-01;DE;952;249339;5.0597
2017-03-01;DE;1413;370043;5.0597
2017-04-01;DE;1080;282949;5.0597
2017-05-01;DE;1229;321747;5.0597
2017-06-01;DE;1282;335694;5.0597
2017-07-01;DE;1092;286009;5.0597
2017-08-01;DE;966;253098;5.0597
2017-09-01;DE;1076;281765;5.0597
2017-10-01;DE;1066;279289;5.0597
2017-11-01;DE;1122;293800;5.0597
2017-12-01;DE;903;236573;5.0597
2018-01-01;DE;1044;252561;7.4691
2018-02-01;DE;1036;250471;7.4691
2018-03-01;DE;1397;337928;7.4691
2018-04-01;DE;1296;313325;7.4691
2018-05-01;DE;1264;305688;7.4691
2018-06-01;DE;1394;337033;7.4691
2018-07-01;DE;1240;299741;7.4691
2018-08-01;DE;1040;251398;7.4691
2018-09-01;DE;1109;268239;7.4691
2018-10-01;DE;1200;290251;7.4691
2018-11-01;DE;1207;291823;7.4691
2018-12-01;DE;981;237195;7.4691
2019-01-01;DE;908;266047;8.8062
2019-02-01;DE;899;263660;8.8062
2019-03-01;DE;1211;355136;8.8062
2019-04-01;DE;1122;328763;8.8062
2019-05-01;DE;1150;337150;8.8062
2019-06-01;DE;1096;321282;8.8062
2019-07-01;DE;1122;329019;8.8062
2019-08-01;DE;859;251826;8.8062
2019-09-01;DE;1009;295715;8.8062
2019-10-01;DE;1037;304055;8.8062
2019-11-01;DE;996;291831;8.8062
2019-12-01;DE;896;262656;8.8062
2020-01-01;DE;908;266047;8.8062
2020-02-01;DE;899;263660;8.8062
2020-03-01;DE;1211;355136;8.8062
2020-04-01;DE;1122;328763;8.8062
2020-05-01;DE;1150;337150;8.8062
2020-06-01;DE;1096;321282;8.8062
2020-07-01;DE;1122;329019;8.8062
2020-08-01;DE;859;251826;8.8062
2020-09-01;DE;1009;295715;8.8062
2020-10-01;DE;1037;304055;8.8062
2020-11-01;DE;996;291831;8.8062
2020-12-01;DE;896;262656;8.8062
2021-01-01;DE;0;219680;10.9017
2021-02-01;DE;0;237596;10.9017
2021-03-01;DE;0;305423;10.9017
2021-04-01;DE;0;271708;10.9017
2021-05-01;DE;0;272450;10.9017
2021-06-01;DE;0;307538;10.9017
2021-07-01;DE;0;242636;10.9017
2021-08-01;DE;0;144478;10.9017
2021-09-01;DE;0;240475;10.9017
2021-10-01;DE;0;254066;10.9017
2021-11-01;DE;0;226832;10.9017
2021-12-01;DE;0;277119;10.9017
2022-01-01;DE;0;232422;11.8012
2022-02-01;DE;0;251377;11.8012
2022-03-01;DE;0;323138;11.8012
2022-04-01;DE;0;287467;11.8012
2022-05-01;DE;0;288252;11.8012
2022-06-01;DE;0;325375;11.8012
2022-07-01;DE;0;256709;11.8012
2022-08-01;DE;0;152857;11.8012
2022-09-01;DE;0;254422;11.8012
2022-10-01;DE;0;268802;11.8012
2022-11-01;DE;0;239988;11.8012
2022-12-01;DE;0;293192;11.8012
2023-01-01;DE;0;234399;11.6388
2023-02-01;DE;0;253515;11.6388
2023-03-01;DE;0;325887;11.6388
2023-04-01;DE;0;289912;11.6388
2023-05-01;DE;0;290704;11.6388
2023-06-01;DE;0;328143;11.6388
2023-07-01;DE;0;258892;11.6388
2023-08-01;DE;0;154158;11.6388
2023-09-01;DE;0;256586;11.6388
2023-10-01;DE;0;271088;11.6388
2023-11-01;DE;0;242030;11.6388
2023-12-01;DE;0;295686;11.6388
2024-01-01;DE;0;237474;13.0793
2024-02-01;DE;0;256841;13.0793
2024-03-01;DE;0;330162;13.0793
2024-04-01;DE;0;293716;13.0793
2024-05-01;DE;0;294518;13.0793
2024-06-01;DE;0;332449;13.0793
2024-07-01;DE;0;262289;13.0793
2024-08-01;DE;0;156180;13.0793
2024-09-01;DE;0;259953;13.0793
2024-10-01;DE;0;274645;13.0793
2024-11-01;DE;0;245206;13.0793
2024-12-01;DE;0;299566;13.0793
2025-01-01;DE;0;228687;12.5257
2025-02-01;DE;0;247338;12.5257
2025-03-01;DE;0;317946;12.5257
2025-04-01;DE;0;282848;12.5257
2025-05-01;DE;0;283620;12.5257
2025-06-01;DE;0;320147;12.5257
2025-07-01;DE;0;252584;12.5257
2025-08-01;DE;0;150401;12.5257
2025-09-01;DE;0;250334;12.5257
2025-10-01;DE;0;264483;12.5257
2025-11-01;DE;0;236132;12.5257
2025-12-01;DE;0;288481;12.5257
2026-01-01;DE;0;229200;12.5991
2026-02-01;DE;0;247892;12.5991
2026-03-01;DE;0;318658;12.5991
2026-04-01;DE;0;283482;12.5991
2026-05-01;DE;0;284256;12.5991
2026-06-01;DE;0;320865;12.5991
2026-07-01;DE;0;253150;12.5991
2026-08-01;DE;0;150738;12.5991
2026-09-01;DE;0;250895;12.5991
2026-10-01;DE;0;265076;12.5991
2026-11-01;DE;0;236662;12.5991
2026-12-01;DE;0;289128;12.5991
2027-01-01;DE;0;225392;12.6629
2027-02-01;DE;0;243774;12.6629
2027-03-01;DE;0;313364;12.6629
2027-04-01;DE;0;278772;12.6629
2027-05-01;DE;0;279533;12.6629
2027-06-01;DE;0;315534;12.6629
2027-07-01;DE;0;248944;12.6629
2027-08-01;DE;0;148234;12.6629
2027-09-01;DE;0;246727;12.6629
2027-10-01;DE;0;260672;12.6629
2027-11-01;DE;0;232730;12.6629
2027-12-01;DE;0;284324;12.6629
2013-01-01;ES;228;52740;3.1781
2013-02-01;ES;263;60825;3.1781
2013-03-01;ES;341;79100;3.1781
2013-04-01;ES;240;55687;3.1781
2013-05-01;ES;320;74114;3.1781
2013-06-01;ES;346;80118;3.1781
2013-07-01;ES;286;66192;3.1781
2013-08-01;ES;175;40544;3.1781
2013-09-01;ES;201;46671;3.1781
2013-10-01;ES;234;54178;3.1781
2013-11-01;ES;245;56743;3.1781
2013-12-01;ES;241;55776;3.1781
2014-01-01;ES;649;62418;5.0703
2014-02-01;ES;749;71987;5.0703
2014-03-01;ES;973;93616;5.0703
2014-04-01;ES;685;65905;5.0703
2014-05-01;ES;912;87714;5.0703
2014-06-01;ES;986;94821;5.0703
2014-07-01;ES;815;78339;5.0703
2014-08-01;ES;499;47984;5.0703
2014-09-01;ES;574;55235;5.0703
2014-10-01;ES;667;64120;5.0703
2014-11-01;ES;698;67156;5.0703
2014-12-01;ES;686;66012;5.0703
2015-01-01;ES;1081;75476;8.0475
2015-02-01;ES;1247;87046;8.0475
2015-03-01;ES;1621;113199;8.0475
2015-04-01;ES;1141;79692;8.0475
2015-05-01;ES;1519;106064;8.0475
2015-06-01;ES;1642;114656;8.0475
2015-07-01;ES;1357;94727;8.0475
2015-08-01;ES;831;58022;8.0475
2015-09-01;ES;957;66790;8.0475
2015-10-01;ES;1111;77533;8.0475
2015-11-01;ES;1163;81205;8.0475
2015-12-01;ES;1143;79821;8.0475
2016-01-01;ES;1236;83706;9.5735
2016-02-01;ES;1426;96538;9.5735
2016-03-01;ES;1854;125543;9.5735
2016-04-01;ES;1305;88382;9.5735
2016-05-01;ES;1737;117629;9.5735
2016-06-01;ES;1878;127159;9.5735
2016-07-01;ES;1551;105056;9.5735
2016-08-01;ES;950;64349;9.5735
2016-09-01;ES;1094;74073;9.5735
2016-10-01;ES;1270;85988;9.5735
2016-11-01;ES;1330;90060;9.5735
2016-12-01;ES;1307;88525;9.5735
2017-01-01;ES;1421;90123;11.1329
2017-02-01;ES;1639;103938;11.1329
2017-03-01;ES;2132;135167;11.1329
2017-04-01;ES;1501;95157;11.1329
2017-05-01;ES;1997;126646;11.1329
2017-06-01;ES;2159;136906;11.1329
2017-07-01;ES;1784;113109;11.1329
2017-08-01;ES;1093;69281;11.1329
2017-09-01;ES;1258;79751;11.1329
2017-10-01;ES;1460;92579;11.1329
2017-11-01;ES;1529;96963;11.1329
2017-12-01;ES;1503;95311;11.1329
2018-01-01;ES;1712;99845;14.8068
2018-02-01;ES;1865;108728;14.8068
2018-03-01;ES;2210;128841;14.8068
2018-04-01;ES;2032;118487;14.8068
2018-05-01;ES;2293;133723;14.8068
2018-06-01;ES;2382;138883;14.8068
2018-07-01;ES;2153;125559;14.8068
2018-08-01;ES;1258;73361;14.8068
2018-09-01;ES;1387;80878;14.8068
2018-10-01;ES;1750;102018;14.8068
2018-11-01;ES;1770;103194;14.8068
2018-12-01;ES;1851;107920;14.8068
2019-01-01;ES;1534;95383;17.0117
2019-02-01;ES;1666;103548;17.0117
2019-03-01;ES;1968;122356;17.0117
2019-04-01;ES;1832;113903;17.0117
2019-05-01;ES;2061;128106;17.0117
2019-06-01;ES;2043;127001;17.0117
2019-07-01;ES;2022;125710;17.0117
2019-08-01;ES;1080;67155;17.0117
2019-09-01;ES;1310;81424;17.0117
2019-10-01;ES;1639;101905;17.0117
2019-11-01;ES;1516;94263;17.0117
2019-12-01;ES;1586;98566;17.0117
2020-01-01;ES;1534;95383;17.0117
2020-02-01;ES;1666;103548;17.0117
2020-03-01;ES;1968;122356;17.0117
2020-04-01;ES;1832;113903;17.0117
2020-05-01;ES;2061;128106;17.0117
2020-06-01;ES;2043;127001;17.0117
2020-07-01;ES;2022;125710;17.0117
2020-08-01;ES;1080;67155;17.0117
2020-09-01;ES;1310;81424;17.0117
2020-10-01;ES;1639;101905;17.0117
2020-11-01;ES;1516;94263;17.0117
2020-12-01;ES;1586;98566;17.0117
2021-01-01;ES;0;77443;18.0017
2021-02-01;ES;0;76749;18.0017
2021-03-01;ES;0;103376;18.0017
2021-04-01;ES;0;95699;18.0017
2021-05-01;ES;0;98141;18.0017
2021-06-01;ES;0;93522;18.0017
2021-07-01;ES;0;95774;18.0017
2021-08-01;ES;0;73304;18.0017
2021-09-01;ES;0;86080;18.0017
2021-10-01;ES;0;88507;18.0017
2021-11-01;ES;0;84949;18.0017
2021-12-01;ES;0;76456;18.0017
2022-01-01;ES;0;89171;19.7447
2022-02-01;ES;0;88370;19.7447
2022-03-01;ES;0;119030;19.7447
2022-04-01;ES;0;110191;19.7447
2022-05-01;ES;0;113002;19.7447
2022-06-01;ES;0;107684;19.7447
2022-07-01;ES;0;110277;19.7447
2022-08-01;ES;0;84404;19.7447
2022-09-01;ES;0;99115;19.7447
2022-10-01;ES;0;101910;19.7447
2022-11-01;ES;0;97813;19.7447
2022-12-01;ES;0;88034;19.7447
2023-01-01;ES;0;91014;19.9652
2023-02-01;ES;0;90198;19.9652
2023-03-01;ES;0;121492;19.9652
2023-04-01;ES;0;112470;19.9652
2023-05-01;ES;0;115339;19.9652
2023-06-01;ES;0;109910;19.9652
2023-07-01;ES;0;112557;19.9652
2023-08-01;ES;0;86150;19.9652
2023-09-01;ES;0;101164;19.9652
2023-10-01;ES;0;104017;19.9652
2023-11-01;ES;0;99835;19.9652
2023-12-01;ES;0;89854;19.9652
2024-01-01;ES;0;93153;20.704
2024-02-01;ES;0;92318;20.704
2024-03-01;ES;0;124347;20.704
2024-04-01;ES;0;115113;20.704
2024-05-01;ES;0;118049;20.704
2024-06-01;ES;0;112493;20.704
2024-07-01;ES;0;115202;20.704
2024-08-01;ES;0;88174;20.704
2024-09-01;ES;0;103541;20.704
2024-10-01;ES;0;106462;20.704
2024-11-01;ES;0;102181;20.704
2024-12-01;ES;0;91966;20.704
2025-01-01;ES;0;93743;21.1305
2025-02-01;ES;0;92902;21.1305
2025-03-01;ES;0;125134;21.1305
2025-04-01;ES;0;115842;21.1305
2025-05-01;ES;0;118797;21.1305
2025-06-01;ES;0;113206;21.1305
2025-07-01;ES;0;115932;21.1305
2025-08-01;ES;0;88733;21.1305
2025-09-01;ES;0;104197;21.1305
2025-10-01;ES;0;107136;21.1305
2025-11-01;ES;0;102829;21.1305
2025-12-01;ES;0;92548;21.1305
2026-01-01;ES;0;94333;20.9427
2026-02-01;ES;0;93487;20.9427
2026-03-01;ES;0;125922;20.9427
2026-04-01;ES;0;116571;20.9427
2026-05-01;ES;0;119545;20.9427
2026-06-01;ES;0;113919;20.9427
2026-07-01;ES;0;116662;20.9427
2026-08-01;ES;0;89291;20.9427
2026-09-01;ES;0;104853;20.9427
2026-10-01;ES;0;107810;20.9427
2026-11-01;ES;0;103476;20.9427
2026-12-01;ES;0;93131;20.9427
2027-01-01;ES;0;93153;21.0196
2027-02-01;ES;0;92318;21.0196
2027-03-01;ES;0;124347;21.0196
2027-04-01;ES;0;115113;21.0196
2027-05-01;ES;0;118049;21.0196
2027-06-01;ES;0;112493;21.0196
2027-07-01;ES;0;115202;21.0196
2027-08-01;ES;0;88174;21.0196
2027-09-01;ES;0;103541;21.0196
2027-10-01;ES;0;106462;21.0196
2027-11-01;ES;0;102181;21.0196
2027-12-01;ES;0;91966;21.0196
2013-01-01;FR;2047;130835;5.7853
2013-02-01;FR;2214;141516;5.7853
2013-03-01;FR;3103;198325;5.7853
2013-04-01;FR;2304;147301;5.7853
2013-05-01;FR;2528;161561;5.7853
2013-06-01;FR;3158;201874;5.7853
2013-07-01;FR;1961;125346;5.7853
2013-08-01;FR;1406;89841;5.7853
2013-09-01;FR;2246;143553;5.7853
2013-10-01;FR;2283;145943;5.7853
2013-11-01;FR;2326;148655;5.7853
2013-12-01;FR;2436;155704;5.7853
2014-01-01;FR;3958;131232;9.5403
2014-02-01;FR;4281;141945;9.5403
2014-03-01;FR;5999;198927;9.5403
2014-04-01;FR;4456;147747;9.5403
2014-05-01;FR;4887;162050;9.5403
2014-06-01;FR;6107;202486;9.5403
2014-07-01;FR;3792;125726;9.5403
2014-08-01;FR;2718;90114;9.5403
2014-09-01;FR;4342;143989;9.5403
2014-10-01;FR;4415;146385;9.5403
2014-11-01;FR;4497;149106;9.5403
2014-12-01;FR;4710;156176;9.5403
2015-01-01;FR;4619;140099;11.7381
2015-02-01;FR;4996;151536;11.7381
2015-03-01;FR;7001;212367;11.7381
2015-04-01;FR;5200;157730;11.7381
2015-05-01;FR;5703;173000;11.7381
2015-06-01;FR;7126;216168;11.7381
2015-07-01;FR;4425;134221;11.7381
2015-08-01;FR;3171;96202;11.7381
2015-09-01;FR;5068;153718;11.7381
2015-10-01;FR;5152;156276;11.7381
2015-11-01;FR;5248;159181;11.7381
2015-12-01;FR;5496;166728;11.7381
2016-01-01;FR;4822;147257;11.7494
2016-02-01;FR;5215;159278;11.7494
2016-03-01;FR;7309;223217;11.7494
2016-04-01;FR;5429;165788;11.7494
2016-05-01;FR;5954;181838;11.7494
2016-06-01;FR;7440;227212;11.7494
2016-07-01;FR;4619;141079;11.7494
2016-08-01;FR;3311;101117;11.7494
2016-09-01;FR;5290;161571;11.7494
2016-10-01;FR;5379;164260;11.7494
2016-11-01;FR;5479;167313;11.7494
2016-12-01;FR;5738;175247;11.7494
2017-01-01;FR;4967;154240;12.53
2017-02-01;FR;5373;166832;12.53
2017-03-01;FR;7530;233803;12.53
2017-04-01;FR;5593;173651;12.53
2017-05-01;FR;6134;190462;12.53
2017-06-01;FR;7665;237987;12.53
2017-07-01;FR;4759;147769;12.53
2017-08-01;FR;3411;105913;12.53
2017-09-01;FR;5450;169234;12.53
2017-10-01;FR;5541;172050;12.53
2017-11-01;FR;5644;175248;12.53
2017-12-01;FR;5912;183558;12.53
2018-01-01;FR;4830;158376;14.6592
2018-02-01;FR;5231;171514;14.6592
2018-03-01;FR;7030;230511;14.6592
2018-04-01;FR;5700;186896;14.6592
2018-05-01;FR;5684;186380;14.6592
2018-06-01;FR;7465;244768;14.6592
2018-07-01;FR;5092;166982;14.6592
2018-08-01;FR;3322;108923;14.6592
2018-09-01;FR;5045;165428;14.6592
2018-10-01;FR;5597;183542;14.6592
2018-11-01;FR;5502;180405;14.6592
2018-12-01;FR;5787;189756;14.6592
2019-01-01;FR;4517;162144;15.144
2019-02-01;FR;4886;175368;15.144
2019-03-01;FR;6280;225431;15.144
2019-04-01;FR;5587;200545;15.144
2019-05-01;FR;5602;201093;15.144
2019-06-01;FR;6324;226992;15.144
2019-07-01;FR;4989;179088;15.144
2019-08-01;FR;2971;106638;15.144
2019-09-01;FR;4945;177493;15.144
2019-10-01;FR;5224;187524;15.144
2019-11-01;FR;4664;167423;15.144
2019-12-01;FR;5698;204540;15.144
2020-01-01;FR;4517;162144;15.144
2020-02-01;FR;4886;175368;15.144
2020-03-01;FR;6280;225431;15.144
2020-04-01;FR;5587;200545;15.144
2020-05-01;FR;5602;201093;15.144
2020-06-01;FR;6324;226992;15.144
2020-07-01;FR;4989;179088;15.144
2020-08-01;FR;2971;106638;15.144
2020-09-01;FR;4945;177493;15.144
2020-10-01;FR;5224;187524;15.144
2020-11-01;FR;4664;167423;15.144
2020-12-01;FR;5698;204540;15.144
2021-01-01;FR;0;132540;17.9598
2021-02-01;FR;0;143350;17.9598
2021-03-01;FR;0;184272;17.9598
2021-04-01;FR;0;163930;17.9598
2021-05-01;FR;0;164378;17.9598
2021-06-01;FR;0;185548;17.9598
2021-07-01;FR;0;146390;17.9598
2021-08-01;FR;0;87168;17.9598
2021-09-01;FR;0;145086;17.9598
2021-10-01;FR;0;153287;17.9598
2021-11-01;FR;0;136855;17.9598
2021-12-01;FR;0;167195;17.9598
2022-01-01;FR;0;136714;18.6803
2022-02-01;FR;0;147864;18.6803
2022-03-01;FR;0;190075;18.6803
2022-04-01;FR;0;169093;18.6803
2022-05-01;FR;0;169555;18.6803
2022-06-01;FR;0;191391;18.6803
2022-07-01;FR;0;151000;18.6803
2022-08-01;FR;0;89913;18.6803
2022-09-01;FR;0;149655;18.6803
2022-10-01;FR;0;158114;18.6803
2022-11-01;FR;0;141165;18.6803
2022-12-01;FR;0;172461;18.6803
2023-01-01;FR;0;137293;18.1369
2023-02-01;FR;0;148490;18.1369
2023-03-01;FR;0;190879;18.1369
2023-04-01;FR;0;169808;18.1369
2023-05-01;FR;0;170272;18.1369
2023-06-01;FR;0;192201;18.1369
2023-07-01;FR;0;151639;18.1369
2023-08-01;FR;0;90294;18.1369
2023-09-01;FR;0;150289;18.1369
2023-10-01;FR;0;158783;18.1369
2023-11-01;FR;0;141763;18.1369
2023-12-01;FR;0;173190;18.1369
2024-01-01;FR;0;138142;18.4578
2024-02-01;FR;0;149408;18.4578
2024-03-01;FR;0;192060;18.4578
2024-04-01;FR;0;170859;18.4578
2024-05-01;FR;0;171326;18.4578
2024-06-01;FR;0;193390;18.4578
2024-07-01;FR;0;152578;18.4578
2024-08-01;FR;0;90852;18.4578
2024-09-01;FR;0;151218;18.4578
2024-10-01;FR;0;159765;18.4578
2024-11-01;FR;0;142640;18.4578
2024-12-01;FR;0;174262;18.4578
2025-01-01;FR;0;133156;18.5091
2025-02-01;FR;0;144015;18.5091
2025-03-01;FR;0;185127;18.5091
2025-04-01;FR;0;164691;18.5091
2025-05-01;FR;0;165141;18.5091
2025-06-01;FR;0;186409;18.5091
2025-07-01;FR;0;147070;18.5091
2025-08-01;FR;0;87573;18.5091
2025-09-01;FR;0;145760;18.5091
2025-10-01;FR;0;153998;18.5091
2025-11-01;FR;0;137491;18.5091
2025-12-01;FR;0;167971;18.5091
2026-01-01;FR;0;134759;18.1643
2026-02-01;FR;0;145749;18.1643
2026-03-01;FR;0;187357;18.1643
2026-04-01;FR;0;166675;18.1643
2026-05-01;FR;0;167130;18.1643
2026-06-01;FR;0;188654;18.1643
2026-07-01;FR;0;148841;18.1643
2026-08-01;FR;0;88627;18.1643
2026-09-01;FR;0;147515;18.1643
2026-10-01;FR;0;155853;18.1643
2026-11-01;FR;0;139146;18.1643
2026-12-01;FR;0;169994;18.1643
2027-01-01;FR;0;135045;18.493
2027-02-01;FR;0;146058;18.493
2027-03-01;FR;0;187754;18.493
2027-04-01;FR;0;167028;18.493
2027-05-01;FR;0;167484;18.493
2027-06-01;FR;0;189054;18.493
2027-07-01;FR;0;149156;18.493
2027-08-01;FR;0;88815;18.493
2027-09-01;FR;0;147828;18.493
2027-10-01;FR;0;156183;18.493
2027-11-01;FR;0;139441;18.493
2027-12-01;FR;0;170354;18.493
2013-01-01;GB;243;144995;3.0108
2013-02-01;GB;115;68437;3.0108
2013-03-01;GB;784;468080;3.0108
2013-04-01;GB;242;144393;3.0108
2013-05-01;GB;301;179928;3.0108
2013-06-01;GB;372;222072;3.0108
2013-07-01;GB;248;147945;3.0108
2013-08-01;GB;113;67461;3.0108
2013-09-01;GB;641;382810;3.0108
2013-10-01;GB;246;147030;3.0108
2013-11-01;GB;255;152236;3.0108
2013-12-01;GB;233;139351;3.0108
2014-01-01;GB;1115;158549;5.0776
2014-02-01;GB;526;74834;5.0776
2014-03-01;GB;3600;511834;5.0776
2014-04-01;GB;1111;157890;5.0776
2014-05-01;GB;1384;196747;5.0776
2014-06-01;GB;1708;242830;5.0776
2014-07-01;GB;1138;161774;5.0776
2014-08-01;GB;519;73767;5.0776
2014-09-01;GB;2944;418594;5.0776
2014-10-01;GB;1131;160774;5.0776
2014-11-01;GB;1171;166466;5.0776
2014-12-01;GB;1072;152377;5.0776
2015-01-01;GB;1207;168605;7.0201
2015-02-01;GB;570;79580;7.0201
2015-03-01;GB;3896;544297;7.0201
2015-04-01;GB;1202;167904;7.0201
2015-05-01;GB;1498;209226;7.0201
2015-06-01;GB;1848;258232;7.0201
2015-07-01;GB;1231;172034;7.0201
2015-08-01;GB;561;78445;7.0201
2015-09-01;GB;3186;445143;7.0201
2015-10-01;GB;1224;170971;7.0201
2015-11-01;GB;1267;177024;7.0201
2015-12-01;GB;1160;162041;7.0201
2016-01-01;GB;1267;172400;7.6909
2016-02-01;GB;598;81372;7.6909
2016-03-01;GB;4091;556549;7.6909
2016-04-01;GB;1262;171684;7.6909
2016-05-01;GB;1573;213936;7.6909
2016-06-01;GB;1941;264045;7.6909
2016-07-01;GB;1293;175907;7.6909
2016-08-01;GB;590;80211;7.6909
2016-09-01;GB;3346;455164;7.6909
2016-10-01;GB;1285;174820;7.6909
2016-11-01;GB;1331;181009;7.6909
2016-12-01;GB;1218;165689;7.6909
2017-01-01;GB;1136;162658;7.6594
2017-02-01;GB;536;76773;7.6594
2017-03-01;GB;3666;525099;7.6594
2017-04-01;GB;1131;161982;7.6594
2017-05-01;GB;1409;201847;7.6594
2017-06-01;GB;1739;249123;7.6594
2017-07-01;GB;1159;165967;7.6594
2017-08-01;GB;528;75678;7.6594
2017-09-01;GB;2998;429443;7.6594
2017-10-01;GB;1151;164941;7.6594
2017-11-01;GB;1192;170780;7.6594
2017-12-01;GB;1091;156326;7.6594
2018-01-01;GB;1136;161502;10.4184
2018-02-01;GB;525;74572;10.4184
2018-03-01;GB;3253;462409;10.4184
2018-04-01;GB;1149;163343;10.4184
2018-05-01;GB;1332;189360;10.4184
2018-06-01;GB;1621;230347;10.4184
2018-07-01;GB;1125;159973;10.4184
2018-08-01;GB;510;72538;10.4184
2018-09-01;GB;2704;384317;10.4184
2018-10-01;GB;1135;161300;10.4184
2018-11-01;GB;1125;159873;10.4184
2018-12-01;GB;1038;147615;10.4184
2019-01-01;GB;1077;157740;11.0337
2019-02-01;GB;497;72838;11.0337
2019-03-01;GB;3085;451995;11.0337
2019-04-01;GB;1084;158869;11.0337
2019-05-01;GB;1257;184178;11.0337
2019-06-01;GB;1471;215531;11.0337
2019-07-01;GB;1109;162495;11.0337
2019-08-01;GB;469;68777;11.0337
2019-09-01;GB;2614;383062;11.0337
2019-10-01;GB;1070;156797;11.0337
2019-11-01;GB;1037;151998;11.0337
2019-12-01;GB;1002;146861;11.0337
2020-01-01;GB;1077;157740;11.0337
2020-02-01;GB;497;72838;11.0337
2020-03-01;GB;3085;451995;11.0337
2020-04-01;GB;1084;158869;11.0337
2020-05-01;GB;1257;184178;11.0337
2020-06-01;GB;1471;215531;11.0337
2020-07-01;GB;1109;162495;11.0337
2020-08-01;GB;469;68777;11.0337
2020-09-01;GB;2614;383062;11.0337
2020-10-01;GB;1070;156797;11.0337
2020-11-01;GB;1037;151998;11.0337
2020-12-01;GB;1002;146861;11.0337
2021-01-01;GB;0;136568;14.1066
2021-02-01;GB;0;147706;14.1066
2021-03-01;GB;0;189871;14.1066
2021-04-01;GB;0;168912;14.1066
2021-05-01;GB;0;169373;14.1066
2021-06-01;GB;0;191186;14.1066
2021-07-01;GB;0;150839;14.1066
2021-08-01;GB;0;89817;14.1066
2021-09-01;GB;0;149495;14.1066
2021-10-01;GB;0;157944;14.1066
2021-11-01;GB;0;141014;14.1066
2021-12-01;GB;0;172276;14.1066
2022-01-01;GB;0;161685;14.6158
2022-02-01;GB;0;174871;14.6158
2022-03-01;GB;0;224791;14.6158
2022-04-01;GB;0;199977;14.6158
2022-05-01;GB;0;200523;14.6158
2022-06-01;GB;0;226348;14.6158
2022-07-01;GB;0;178580;14.6158
2022-08-01;GB;0;106335;14.6158
2022-09-01;GB;0;176989;14.6158
2022-10-01;GB;0;186993;14.6158
2022-11-01;GB;0;166948;14.6158
2022-12-01;GB;0;203960;14.6158
2023-01-01;GB;0;165639;14.4202
2023-02-01;GB;0;179147;14.4202
2023-03-01;GB;0;230289;14.4202
2023-04-01;GB;0;204868;14.4202
2023-05-01;GB;0;205427;14.4202
2023-06-01;GB;0;231884;14.4202
2023-07-01;GB;0;182947;14.4202
2023-08-01;GB;0;108936;14.4202
2023-09-01;GB;0;181318;14.4202
2023-10-01;GB;0;191566;14.4202
2023-11-01;GB;0;171031;14.4202
2023-12-01;GB;0;208948;14.4202
2024-01-01;GB;0;169813;14.8001
2024-02-01;GB;0;183662;14.8001
2024-03-01;GB;0;236092;14.8001
2024-04-01;GB;0;210030;14.8001
2024-05-01;GB;0;210604;14.8001
2024-06-01;GB;0;237727;14.8001
2024-07-01;GB;0;187557;14.8001
2024-08-01;GB;0;111681;14.8001
2024-09-01;GB;0;185887;14.8001
2024-10-01;GB;0;196393;14.8001
2024-11-01;GB;0;175341;14.8001
2024-12-01;GB;0;214213;14.8001
2025-01-01;GB;0;167177;14.8516
2025-02-01;GB;0;180811;14.8516
2025-03-01;GB;0;232427;14.8516
2025-04-01;GB;0;206769;14.8516
2025-05-01;GB;0;207334;14.8516
2025-06-01;GB;0;234037;14.8516
2025-07-01;GB;0;184646;14.8516
2025-08-01;GB;0;109947;14.8516
2025-09-01;GB;0;183001;14.8516
2025-10-01;GB;0;193344;14.8516
2025-11-01;GB;0;172619;14.8516
2025-12-01;GB;0;210888;14.8516
2026-01-01;GB;0;171058;14.745
2026-02-01;GB;0;185008;14.745
2026-03-01;GB;0;237823;14.745
2026-04-01;GB;0;211570;14.745
2026-05-01;GB;0;212148;14.745
2026-06-01;GB;0;239470;14.745
2026-07-01;GB;0;188932;14.745
2026-08-01;GB;0;112500;14.745
2026-09-01;GB;0;187249;14.745
2026-10-01;GB;0;197833;14.745
2026-11-01;GB;0;176627;14.745
2026-12-01;GB;0;215783;14.745
2027-01-01;GB;0;169813;15.0259
2027-02-01;GB;0;183662;15.0259
2027-03-01;GB;0;236092;15.0259
2027-04-01;GB;0;210030;15.0259
2027-05-01;GB;0;210604;15.0259
2027-06-01;GB;0;237727;15.0259
2027-07-01;GB;0;187557;15.0259
2027-08-01;GB;0;111681;15.0259
2027-09-01;GB;0;185887;15.0259
2027-10-01;GB;0;196393;15.0259
2027-11-01;GB;0;175341;15.0259
2027-12-01;GB;0;214213;15.0259
2013-01-01;IT;598;115247;3.6128
2013-02-01;IT;638;122881;3.6128
2013-03-01;IT;780;150218;3.6128
2013-04-01;IT;570;109873;3.6128
2013-05-01;IT;713;137385;3.6128
2013-06-01;IT;642;123737;3.6128
2013-07-01;IT;509;98045;3.6128
2013-08-01;IT;277;53379;3.6128
2013-09-01;IT;545;104954;3.6128
2013-10-01;IT;552;106304;3.6128
2013-11-01;IT;537;103561;3.6128
2013-12-01;IT;409;78871;3.6128
2014-01-01;IT;1661;120194;5.9563
2014-02-01;IT;1771;128156;5.9563
2014-03-01;IT;2164;156666;5.9563
2014-04-01;IT;1583;114590;5.9563
2014-05-01;IT;1979;143283;5.9563
2014-06-01;IT;1783;129049;5.9563
2014-07-01;IT;1413;102254;5.9563
2014-08-01;IT;769;55671;5.9563
2014-09-01;IT;1512;109459;5.9563
2014-10-01;IT;1532;110868;5.9563
2014-11-01;IT;1492;108006;5.9563
2014-12-01;IT;1136;82256;5.9563
2015-01-01;IT;1797;139203;10.5038
2015-02-01;IT;1916;148425;10.5038
2015-03-01;IT;2342;181444;10.5038
2015-04-01;IT;1713;132713;10.5038
2015-05-01;IT;2142;165944;10.5038
2015-06-01;IT;1929;149458;10.5038
2015-07-01;IT;1529;118426;10.5038
2015-08-01;IT;832;64475;10.5038
2015-09-01;IT;1637;126771;10.5038
2015-10-01;IT;1658;128402;10.5038
2015-11-01;IT;1615;125088;10.5038
2015-12-01;IT;1230;95266;10.5038
2016-01-01;IT;2044;161290;11.535
2016-02-01;IT;2180;171975;11.535
2016-03-01;IT;2665;210233;11.535
2016-04-01;IT;1949;153770;11.535
2016-05-01;IT;2437;192273;11.535
2016-06-01;IT;2195;173172;11.535
2016-07-01;IT;1739;137216;11.535
2016-08-01;IT;947;74705;11.535
2016-09-01;IT;1862;146885;11.535
2016-10-01;IT;1886;148775;11.535
2016-11-01;IT;1837;144935;11.535
2016-12-01;IT;1399;110381;11.535
2017-01-01;IT;2044;174153;12.3135
2017-02-01;IT;2179;185690;12.3135
2017-03-01;IT;2664;226999;12.3135
2017-04-01;IT;1948;166033;12.3135
2017-05-01;IT;2436;207607;12.3135
2017-06-01;IT;2194;186983;12.3135
2017-07-01;IT;1739;148159;12.3135
2017-08-01;IT;947;80663;12.3135
2017-09-01;IT;1861;158599;12.3135
2017-10-01;IT;1885;160640;12.3135
2017-11-01;IT;1836;156494;12.3135
2017-12-01;IT;1399;119184;12.3135
2018-01-01;IT;1996;174219;16.265
2018-02-01;IT;2057;179501;16.265
2018-03-01;IT;2389;208549;16.265
2018-04-01;IT;1928;168319;16.265
2018-05-01;IT;2281;199055;16.265
2018-06-01;IT;2047;178700;16.265
2018-07-01;IT;1692;147647;16.265
2018-08-01;IT;887;77429;16.265
2018-09-01;IT;1667;145510;16.265
2018-10-01;IT;1837;160371;16.265
2018-11-01;IT;1717;149875;16.265
2018-12-01;IT;1392;121463;16.265
2019-01-01;IT;2140;174412;18.4957
2019-02-01;IT;2215;180518;18.4957
2019-03-01;IT;2455;200093;18.4957
2019-04-01;IT;2177;177470;18.4957
2019-05-01;IT;2447;199407;18.4957
2019-06-01;IT;2094;170659;18.4957
2019-07-01;IT;1890;154066;18.4957
2019-08-01;IT;911;74285;18.4957
2019-09-01;IT;1886;153718;18.4957
2019-10-01;IT;1970;160575;18.4957
2019-11-01;IT;1756;143138;18.4957
2019-12-01;IT;1577;128524;18.4957
2020-01-01;IT;2140;174412;18.4957
2020-02-01;IT;2215;180518;18.4957
2020-03-01;IT;2455;200093;18.4957
2020-04-01;IT;2177;177470;18.4957
2020-05-01;IT;2447;199407;18.4957
2020-06-01;IT;2094;170659;18.4957
2020-07-01;IT;1890;154066;18.4957
2020-08-01;IT;911;74285;18.4957
2020-09-01;IT;1886;153718;18.4957
2020-10-01;IT;1970;160575;18.4957
2020-11-01;IT;1756;143138;18.4957
2020-12-01;IT;1577;128524;18.4957
2021-01-01;IT;0;109840;20.7102
2021-02-01;IT;0;118798;20.7102
2021-03-01;IT;0;152712;20.7102
2021-04-01;IT;0;135854;20.7102
2021-05-01;IT;0;136225;20.7102
2021-06-01;IT;0;153769;20.7102
2021-07-01;IT;0;121318;20.7102
2021-08-01;IT;0;72239;20.7102
2021-09-01;IT;0;120237;20.7102
2021-10-01;IT;0;127033;20.7102
2021-11-01;IT;0;113416;20.7102
2021-12-01;IT;0;138560;20.7102
2022-01-01;IT;0;121117;20.7838
2022-02-01;IT;0;130995;20.7838
2022-03-01;IT;0;168390;20.7838
2022-04-01;IT;0;149801;20.7838
2022-05-01;IT;0;150211;20.7838
2022-06-01;IT;0;169556;20.7838
2022-07-01;IT;0;133773;20.7838
2022-08-01;IT;0;79655;20.7838
2022-09-01;IT;0;132582;20.7838
2022-10-01;IT;0;140075;20.7838
2022-11-01;IT;0;125060;20.7838
2022-12-01;IT;0;152785;20.7838
2023-01-01;IT;0;122874;21.9548
2023-02-01;IT;0;132895;21.9548
2023-03-01;IT;0;170833;21.9548
2023-04-01;IT;0;151975;21.9548
2023-05-01;IT;0;152390;21.9548
2023-06-01;IT;0;172016;21.9548
2023-07-01;IT;0;135714;21.9548
2023-08-01;IT;0;80811;21.9548
2023-09-01;IT;0;134505;21.9548
2023-10-01;IT;0;142108;21.9548
2023-11-01;IT;0;126875;21.9548
2023-12-01;IT;0;155002;21.9548
2024-01-01;IT;0;128074;23.4483
2024-02-01;IT;0;138519;23.4483
2024-03-01;IT;0;178062;23.4483
2024-04-01;IT;0;158406;23.4483
2024-05-01;IT;0;158838;23.4483
2024-06-01;IT;0;179295;23.4483
2024-07-01;IT;0;141457;23.4483
2024-08-01;IT;0;84230;23.4483
2024-09-01;IT;0;140197;23.4483
2024-10-01;IT;0;148120;23.4483
2024-11-01;IT;0;132243;23.4483
2024-12-01;IT;0;161560;23.4483
2025-01-01;IT;0;129977;23.478
2025-02-01;IT;0;140578;23.478
2025-03-01;IT;0;180709;23.478
2025-04-01;IT;0;160760;23.478
2025-05-01;IT;0;161199;23.478
2025-06-01;IT;0;181960;23.478
2025-07-01;IT;0;143560;23.478
2025-08-01;IT;0;85483;23.478
2025-09-01;IT;0;142281;23.478
2025-10-01;IT;0;150322;23.478
2025-11-01;IT;0;134209;23.478
2025-12-01;IT;0;163962;23.478
2026-01-01;IT;0;127707;23.3408
2026-02-01;IT;0;138123;23.3408
2026-03-01;IT;0;177553;23.3408
2026-04-01;IT;0;157953;23.3408
2026-05-01;IT;0;158384;23.3408
2026-06-01;IT;0;178782;23.3408
2026-07-01;IT;0;141052;23.3408
2026-08-01;IT;0;83990;23.3408
2026-09-01;IT;0;139796;23.3408
2026-10-01;IT;0;147697;23.3408
2026-11-01;IT;0;131865;23.3408
2026-12-01;IT;0;161099;23.3408
2027-01-01;IT;0;125071;23.7602
2027-02-01;IT;0;135271;23.7602
2027-03-01;IT;0;173888;23.7602
2027-04-01;IT;0;154692;23.7602
2027-05-01;IT;0;155115;23.7602
2027-06-01;IT;0;175092;23.7602
2027-07-01;IT;0;138141;23.7602
2027-08-01;IT;0;82256;23.7602
2027-09-01;IT;0;136910;23.7602
2027-10-01;IT;0;144648;23.7602
2027-11-01;IT;0;129143;23.7602
2027-12-01;IT;0;157773;23.7602
